interaction_id,comment_id,likes_count,timestamp,user_id,post_id,interaction_type,platform,topic,label_source,label
1,Ugwx_UBFShYeASExmdV4AaABAg,0,1764720000,yt_user_KrishanDharmasiri,yt_video_1,comment,youtube,politics,manual,Disinfo
2,UgziEr4CRmhpQ2ZjVXF4AaABAg,0,1764547200,yt_user_DeepalFernando-k2p,yt_video_1,comment,youtube,politics,manual,Hate
3,UgwdqopqykabZA_I0rN4AaABAg,0,1764460800,yt_user_gemunugemunu8698,yt_video_1,comment,youtube,politics,manual,Normal
4,UgxXeF6fHtvEIWPExq54AaABAg,1,1764460800,yt_user_alawagedagoa,yt_video_1,comment,youtube,politics,manual,Normal
5,UgygXeXvB1BimoBrc254AaABAg,0,1764460800,yt_user_kithsirigeethakumara8533,yt_video_1,comment,youtube,politics,manual,Normal
6,UgwPY660tLHxRFv1OBl4AaABAg,0,1764460800,yt_user_LeelasiriEdirisingha,yt_video_1,comment,youtube,politics,manual,Normal
7,UgyVo4BcH7pB_eK8WP14AaABAg,0,1764374400,yt_user_padhmalpeiris,yt_video_1,comment,youtube,politics,manual,Hate
8,UgwTB4ll3biDwmD7sVl4AaABAg,1,1764374400,yt_user_syndi-w3k,yt_video_1,comment,youtube,politics,manual,Disnfo
9,Ugwn3dikAK3ob48rqZx4AaABAg,0,1764374400,yt_user_ChammiWasantha,yt_video_1,comment,youtube,politics,manual,Disinfo
10,UgybZEIg6GlkFb8EIwt4AaABAg,2,1764201600,yt_user_TharinduKodagoda,yt_video_1,comment,youtube,politics,manual,Normal
11,UgyRCU9UeY3CJOR32OF4AaABAg,0,1764201600,yt_user_ashokaherath783,yt_video_1,comment,youtube,politics,manual,Normal
12,UgwyYzUlV8PYp21MT8F4AaABAg,2,1764201600,yt_user_ගමගාල්ල,yt_video_1,comment,youtube,politics,manual,Normal
13,UgxwkylOqMabBX5jFsN4AaABAg,2,1764201600,yt_user_ගමගාල්ල,yt_video_1,comment,youtube,politics,manual,Disinfo
14,UgwElgPjoXaV4DH4SmJ4AaABAg,5,1764201600,yt_user_TheConcepts-සංකල්ප-l8v,yt_video_1,comment,youtube,politics,manual,Normal
15,UgymTFVy5QEWttylDW94AaABAg,1,1764201600,yt_user_LaSLMax,yt_video_1,comment,youtube,politics,manual,Normal
16,UgzKm1A4zdAn9oTbdvR4AaABAg,1,1764201600,yt_user_ධර්මතුංගදිසානායක,yt_video_1,comment,youtube,politics,manual,Normal
17,UgzphRVHQMcIXWJgRGh4AaABAg,3,1764201600,yt_user_katsullivan,yt_video_1,comment,youtube,politics,manual,Hate
18,Ugwcl-iMpYGpcM1sjVB4AaABAg,1,1764201600,yt_user_NethmiNisansala-v3i7i,yt_video_1,comment,youtube,politics,manual,Hate
19,UgxoDBPhmMYFWzs4YPB4AaABAg,0,1764201600,yt_user_gayanhettiarachchi-q2k,yt_video_1,comment,youtube,politics,manual,Normal
20,UgwhuzLYdMTQJcQP6n94AaABAg,1,1764201600,yt_user_avenom3877,yt_video_1,comment,youtube,politics,manual,Normal
21,UgyAqp4mA_fyGyIzkcF4AaABAg,4,1764201600,yt_user_hashmilasewwandi9118,yt_video_1,comment,youtube,politics,manual,Normal
22,UgyVuVdLrEa7efL8jId4AaABAg,1,1764201600,yt_user_ilovenaturevibe,yt_video_1,comment,youtube,politics,manual,Hate
23,Ugzm3c3fe4p_7xPfw0R4AaABAg,36,1764201600,yt_user_КАКАЅНІ,yt_video_1,comment,youtube,politics,manual,Hate
24,Ugzm3c3fe4p_7xPfw0R4AaABAg.AQ-KswCcnv6AQ0HsatbYlp,3,1764201600,yt_user_CharukaNawodaya,yt_video_1,comment,youtube,politics,manual,Normal
25,Ugzm3c3fe4p_7xPfw0R4AaABAg.AQ-KswCcnv6AQ0cuE8kSSH,0,1764201600,yt_user_Mango-m5m,yt_video_1,comment,youtube,politics,manual,Normal
26,UgxAn3-mr8RoKAo60lR4AaABAg,17,1764201600,yt_user_JodhaBan,yt_video_1,comment,youtube,politics,manual,Normal
27,UgxAn3-mr8RoKAo60lR4AaABAg.AQ-K0I4m2RzAQ-qNIy_XQG,0,1764201600,yt_user_kumapixchannel,yt_video_1,comment,youtube,politics,manual,Hate
28,UgwMHmNPs2kUbdgJyu94AaABAg,9,1764201600,yt_user_ManojPSKarunarathne,yt_video_1,comment,youtube,politics,manual,Normal
29,UgwMHmNPs2kUbdgJyu94AaABAg.AQ-C4-dkos4AQ8fa7tuVOa,1,1764547200,yt_user_gamakumburejayalath3177,yt_video_1,comment,youtube,politics,manual,Hate
30,UgwMHmNPs2kUbdgJyu94AaABAg.AQ-C4-dkos4AQ8z4jby7sK,1,1764547200,yt_user_ThissaAdasuriya,yt_video_1,comment,youtube,politics,manual,Hate
31,Ugw1zZGqZcm4GIBTW5F4AaABAg,16,1764201600,yt_user_kasunmalinga3412,yt_video_1,comment,youtube,politics,manual,Hate
32,Ugw1zZGqZcm4GIBTW5F4AaABAg.AQ-4vU9lfI0AQ8yV0mIQrp,0,1764547200,yt_user_ThissaAdasuriya,yt_video_1,comment,youtube,politics,manual,Hate
33,UgwI8CXlZ770XXwJYW54AaABAg,11,1764201600,yt_user_KesarinduManamperi,yt_video_1,comment,youtube,politics,manual,Hate
34,UgwI8CXlZ770XXwJYW54AaABAg.AQ-0hKtgdLyAQ-qPLDOYLz,1,1764201600,yt_user_kumapixchannel,yt_video_1,comment,youtube,politics,manual,Hate
35,UgwI8CXlZ770XXwJYW54AaABAg.AQ-0hKtgdLyAQ0csiDZvjN,2,1764201600,yt_user_නරේන්ද්රෂරීෆ්,yt_video_1,comment,youtube,politics,manual,Hate
36,UgxqCE_oGEx493rP_td4AaABAg,0,1760227200,yt_user_nethsarakavind33445,yt_video_2,comment,youtube,politics,manual,Hate
37,UgzNrqQU0yVvMFnZeB54AaABAg,0,1760227200,yt_user_pramithakumari8151,yt_video_2,comment,youtube,politics,manual,Hate
38,Ugy8wGe9cGJbuaJ3uLh4AaABAg,0,1760227200,yt_user_induganga-h4k,yt_video_2,comment,youtube,politics,manual,Hate
39,UgzzJBNl8sYSbXz_5D54AaABAg,0,1760227200,yt_user_GaminiHettiarachchi-r9b,yt_video_2,comment,youtube,politics,manual,Hate
40,Ugwtbtl4E_pEsB5_6Dx4AaABAg,0,1760227200,yt_user_GaminiHettiarachchi-r9b,yt_video_2,comment,youtube,politics,manual,Hate
41,UgxK8uPY9UlDv-nPU9t4AaABAg,0,1760227200,yt_user_Kuscota_Scenes,yt_video_2,comment,youtube,politics,manual,Normal
42,UgwU1eJnW3_gB74Xe-h4AaABAg,0,1760227200,yt_user_amalperera3074,yt_video_2,comment,youtube,politics,manual,Hate
43,Ugz6FApip2FpAVXXWBZ4AaABAg,3,1760227200,yt_user_SandeeshSewanagala,yt_video_2,comment,youtube,politics,manual,Normal
44,UgyDqe8Ne-WbJ9yP6LV4AaABAg,0,1760227200,yt_user_robonat_crooso,yt_video_2,comment,youtube,politics,manual,Hate
45,Ugwj7-_6ER1VgzVMx254AaABAg,0,1760227200,yt_user_sanjeewabandara2953,yt_video_2,comment,youtube,politics,manual,Hate
46,UgxaREmDrHAbW_GqjGt4AaABAg,0,1760227200,yt_user_BuddhikaPrabath-qi9eg,yt_video_2,comment,youtube,politics,manual,Hate
47,UgxDeQ0jRzg7iDP7r9d4AaABAg,0,1760227200,yt_user_kasunkulanga,yt_video_2,comment,youtube,politics,manual,Hate
48,UgyPaEfy23qa7CA0lSx4AaABAg,3,1760227200,yt_user_vidmimunasinghe7066,yt_video_2,comment,youtube,politics,manual,Hate
49,UgzFEWHZox6XdMNpw3l4AaABAg,4,1760227200,yt_user_Pradeepkumara-y8o,yt_video_2,comment,youtube,politics,manual,Hate
50,Ugyzq9EEZ_9yBa-TS7N4AaABAg,9,1760227200,yt_user_Kaveesha_Vimansi,yt_video_2,comment,youtube,politics,manual,Hate
51,Ugz81rmkxmyzRQdYXkZ4AaABAg,11,1760227200,yt_user_TehanRanga,yt_video_2,comment,youtube,politics,manual,Hate
52,UgyLWHwoSMDFBh-UaZV4AaABAg,1,1760227200,yt_user_BBbbb-o4n,yt_video_2,comment,youtube,politics,manual,Hate
53,UgxHG27mul-nF23Aufp4AaABAg,0,1760227200,yt_user_Ruki1416,yt_video_2,comment,youtube,politics,manual,Hate
54,UgzPz_BWWeKR6e9OXfN4AaABAg,10,1760227200,yt_user_malithdilshan900,yt_video_2,comment,youtube,politics,manual,Hate
55,Ugy0tAsLKtU26j2pSNp4AaABAg,27,1760227200,yt_user_Sl-r8m,yt_video_2,comment,youtube,politics,manual,Hate
56,UgyYW6QzGlXQakHWlex4AaABAg,1,1760227200,yt_user_hardinsciver5930,yt_video_2,comment,youtube,politics,manual,Normal
57,UgwkJBtJXBIW-oxsXOR4AaABAg,2,1760227200,yt_user_padhmalpeiris,yt_video_2,comment,youtube,politics,manual,Normal
58,Ugz0vp-qLIysNR8RBsp4AaABAg,8,1760227200,yt_user_Upm-s8k,yt_video_2,comment,youtube,politics,manual,Hate
59,UgxbSLmmvEXszjub6x14AaABAg,10,1760227200,yt_user_NadeeshanDDPremarathne,yt_video_2,comment,youtube,politics,manual,Normal
60,UgybzxjO9qCLq8qQlul4AaABAg,19,1760227200,yt_user_රකුස්ලේ,yt_video_2,comment,youtube,politics,manual,Hate
61,UgwgcMX2A5eVOsPb--54AaABAg,2,1760227200,yt_user_daneshkalhara4910,yt_video_2,comment,youtube,politics,manual,Hate
62,UgwgcMX2A5eVOsPb--54AaABAg.AMy8N25cBZ-AMyvTUgpn-q,2,1760227200,yt_user_savinduKavishka-b7r,yt_video_2,comment,youtube,politics,manual,Hate
63,UgwgcMX2A5eVOsPb--54AaABAg.AMy8N25cBZ-AMz-AJ6yQCH,1,1760227200,yt_user_daneshkalhara4910,yt_video_2,comment,youtube,politics,manual,Hate
64,UgwgcMX2A5eVOsPb--54AaABAg.AMy8N25cBZ-AMzAgaWm1Jd,1,1760227200,yt_user_savinduKavishka-b7r,yt_video_2,comment,youtube,politics,manual,Hate
65,UgwgcMX2A5eVOsPb--54AaABAg.AMy8N25cBZ-AN30IN6R7bY,0,1760227200,yt_user_dilkidilki4236,yt_video_2,comment,youtube,politics,manual,Hate
66,UgwThYEt_FnMvrDIPX94AaABAg,0,1760227200,yt_user_shara4036,yt_video_2,comment,youtube,politics,manual,Hate
67,Ugxus3bO3qGpspxpWip4AaABAg,5,1760227200,yt_user_GayanSampath-rd5zp,yt_video_2,comment,youtube,politics,manual,Hate
68,Ugxjs-AOqg6hiZgq2854AaABAg,7,1760227200,yt_user_dhananjayakumarasingha,yt_video_2,comment,youtube,politics,manual,Hate
69,UgwRv19g8eV6Y-cfCml4AaABAg,4,1760227200,yt_user_Gyn-o9c,yt_video_2,comment,youtube,politics,manual,Normal
70,Ugx1DIb1wR86nQD9-CB4AaABAg,2,1760227200,yt_user_JayarajaSinha,yt_video_2,comment,youtube,politics,manual,Hate
71,UgxRNCHBh6ZPnS1MInJ4AaABAg,5,1760227200,yt_user_kaishu-p7o,yt_video_2,comment,youtube,politics,manual,Normal
72,UgzLDFsd-YMmsfjdQW54AaABAg,5,1760227200,yt_user_nirmaleevithana8321,yt_video_2,comment,youtube,politics,manual,Hate
73,UgzXsMMa5DFrO1Y7oRh4AaABAg,14,1760227200,yt_user_PriyaKbr,yt_video_2,comment,youtube,politics,manual,Normal
74,Ugy0QTVfM4Xte-eCeoZ4AaABAg,36,1760227200,yt_user_adda-nd,yt_video_2,comment,youtube,politics,manual,Hate
75,UgzdRIPMv4ki7Lj2Dax4AaABAg,40,1760227200,yt_user_KasunChanaka-bf3lb,yt_video_2,comment,youtube,politics,manual,Hate
76,UgzTYK9LpqsZ-WNmwI14AaABAg,32,1760227200,yt_user_KasunChanaka-bf3lb,yt_video_2,comment,youtube,politics,manual,Normal
77,Ugyco6DFJpEwehrKpTN4AaABAg,6,1760227200,yt_user_padeepsuranga2261,yt_video_2,comment,youtube,politics,manual,Hate
78,UgxFVmlBlonqY5t6M394AaABAg,1,1760227200,yt_user_KasunLasantha-k3c,yt_video_2,comment,youtube,politics,manual,Hate
79,UgysTEhbTJxv2FmBf_54AaABAg,2,1760227200,yt_user_janakimalkanthi7509,yt_video_2,comment,youtube,politics,manual,Hate
80,Ugxg8klRmTDo-qf7SL54AaABAg,21,1760227200,yt_user_අයේශිකා,yt_video_2,comment,youtube,politics,manual,Nomal
81,UgzmzsatN1zVwGrg_e94AaABAg,41,1760227200,yt_user_thavelogue_chronicles,yt_video_2,comment,youtube,politics,manual,Normal
82,Ugy2w0AafXA5Gyt3Fqh4AaABAg,5,1760227200,yt_user_lakishan5790,yt_video_2,comment,youtube,politics,manual,Hate
83,UgxH_-2yZuSRAagMTQd4AaABAg,16,1757635200,yt_user_GlobelHambantota,yt_video_2,comment,youtube,politics,manual,Hate
84,UgwrBn6XVQip8lIQi4B4AaABAg,32,1757635200,yt_user_ChandraSenarathperumaarachchig,yt_video_2,comment,youtube,politics,manual,Normal
85,UgyVVk-ejCyG1ml4pm54AaABAg,0,1757635200,yt_user_AjanthaDoluweera,yt_video_2,comment,youtube,politics,manual,Hate
86,Ugy06dTc2_3XDMqy4Td4AaABAg,14,1757635200,yt_user_nimaljayasiri6065,yt_video_2,comment,youtube,politics,manual,Hate
87,UgyPGvTTkm2gGScEgT94AaABAg,7,1757635200,yt_user_SKarunarathna777-e8o,yt_video_2,comment,youtube,politics,manual,Normal
88,Ugx4iyE2TWua4X7a3TJ4AaABAg,0,1757635200,yt_user_NishanthaMarasingha,yt_video_2,comment,youtube,politics,manual,Normal
89,UgwnGYveg9VucXHsCG54AaABAg,24,1757635200,yt_user_fizz-e4o,yt_video_2,comment,youtube,politics,manual,Hate
90,Ugwdms-S65-VUxEnFOZ4AaABAg,5,1757635200,yt_user_sandunthiwanka8804,yt_video_2,comment,youtube,politics,manual,Hate
91,UgxLxrorK-28UmHBYDF4AaABAg,1,1757635200,yt_user_sandunthiwanka8804,yt_video_2,comment,youtube,politics,manual,Normal
92,UgxJnlbm3CkKaS-Brkx4AaABAg,1,1757635200,yt_user_AnuBandara-n5h,yt_video_2,comment,youtube,politics,manual,Normal
93,UgymnWV0Djzy07ZPSnB4AaABAg,3,1757635200,yt_user_yajasaji5955,yt_video_2,comment,youtube,politics,manual,Normal
94,UgwmIUinF1y5VB3nwT14AaABAg,9,1757635200,yt_user_pathimindrani668,yt_video_2,comment,youtube,politics,manual,Hate
95,UgwmIUinF1y5VB3nwT14AaABAg.AMvWr-f3yiHAMvXCFm2Pd_,3,1757635200,yt_user_travelingandentertainment4930,yt_video_2,comment,youtube,politics,manual,Hate
96,UgwCnoKUpyIsPXZJMZV4AaABAg,0,1757635200,yt_user_Lukewrite,yt_video_2,comment,youtube,politics,manual,Hate
97,UgwCnoKUpyIsPXZJMZV4AaABAg.AMvWItV_WiBAN30M5mGZcA,1,1760227200,yt_user_dilkidilki4236,yt_video_2,comment,youtube,politics,manual,Normal
98,Ugx4C9kXVb3C7dbs64d4AaABAg,2,1757635200,yt_user_dineshmaddumage506,yt_video_2,comment,youtube,politics,manual,Hate
99,UgzCZ447t1drcyDlSvV4AaABAg,43,1757635200,yt_user_AmiliyaThathsarani,yt_video_2,comment,youtube,politics,manual,Normal
100,Ugx_2E46aPfIegApHNx4AaABAg,0,1757635200,yt_user_gayanchandrakumara8933,yt_video_2,comment,youtube,politics,manual,Hate
101,Ugw8IG7G3IxECK4o-6x4AaABAg,25,1757635200,yt_user_ttbro844,yt_video_2,comment,youtube,politics,manual,Normal
102,UgzDaPusZ8fw89-6s3F4AaABAg,22,1757635200,yt_user_Chalanagothaminawarathna,yt_video_2,comment,youtube,politics,manual,Normal
103,UgwzMJdt1EMeXf2aqoZ4AaABAg,88,1757635200,yt_user_bihanduhandapangoda,yt_video_2,comment,youtube,politics,manual,Normal
104,UgyPtCgNBm23FDWBLJZ4AaABAg,18,1757635200,yt_user_HasithaWijerathna-e7e,yt_video_2,comment,youtube,politics,manual,Normal
105,Ugx7u6ifO6ate9KJVTl4AaABAg,9,1757635200,yt_user_SURANGAGAMAGE,yt_video_2,comment,youtube,politics,manual,Hate
106,Ugx7u6ifO6ate9KJVTl4AaABAg.AMvS-I6XwUDAN308aj0t7s,0,1760227200,yt_user_dilkidilki4236,yt_video_2,comment,youtube,politics,manual,Hate
107,UgyPH1gRaDBO6ird6K14AaABAg,15,1757635200,yt_user_asankanimali5841,yt_video_2,comment,youtube,politics,manual,Hate
108,Ugxh8Msm7u1noeIEp_t4AaABAg,14,1757635200,yt_user_asankanimali5841,yt_video_2,comment,youtube,politics,manual,Hate
109,Ugz1-l8hoF-3UXeHRNx4AaABAg,63,1757635200,yt_user_asankanimali5841,yt_video_2,comment,youtube,politics,manual,Normal
110,UgyE91eoSe8MbGdf7YF4AaABAg,60,1757635200,yt_user_adeesharathnamalala,yt_video_2,comment,youtube,politics,manual,Hate
111,Ugx-5Isk9Iy529kM4u54AaABAg,52,1757635200,yt_user_ChwR-t7j,yt_video_2,comment,youtube,politics,manual,Normal
112,UgxV-b15whOQaJsLhRx4AaABAg,49,1757635200,yt_user_freedomis8551,yt_video_2,comment,youtube,politics,manual,Hate
113,UgyG_fFDogw6XpcKklJ4AaABAg,62,1757635200,yt_user_PramodhSenevirathna,yt_video_2,comment,youtube,politics,manual,Normal
114,UgznrlAO3merpcPZMwd4AaABAg,0,1757635200,yt_user_rusiruthiranjana7262,yt_video_2,comment,youtube,politics,manual,Hate
115,UgwNukC7bKh--j_PSvp4AaABAg,1,1757635200,yt_user_rusiruthiranjana7262,yt_video_2,comment,youtube,politics,manual,Hate
116,UgzTsO9aeLpfLx6X-nt4AaABAg,1,1757635200,yt_user_Mora_161,yt_video_2,comment,youtube,politics,manual,Hate
117,UgxBaDcVxP8kchytlMV4AaABAg,5,1757635200,yt_user_IndikaKumara-k2g,yt_video_2,comment,youtube,politics,manual,Hate
118,UgxBaDcVxP8kchytlMV4AaABAg.AMvP8vUP1Z4AN-vhlbSa2Q,0,1760227200,yt_user_savinduKavishka-b7r,yt_video_2,comment,youtube,politics,manual,Hate
119,UgyGck_POweexSN-y8h4AaABAg,94,1757635200,yt_user_voyageSVM,yt_video_2,comment,youtube,politics,manual,Hate
120,UgzGX0IH5qMaLsQgDEZ4AaABAg,3,1757635200,yt_user_wasanthabrahmacharee,yt_video_2,comment,youtube,politics,manual,Hate
121,UgzGX0IH5qMaLsQgDEZ4AaABAg.AMvP17fyH9mAN-ve-3Kic-,0,1760227200,yt_user_savinduKavishka-b7r,yt_video_2,comment,youtube,politics,manual,Hate
122,Ugy3_i2KnmlUHSGzQr14AaABAg,35,1757635200,yt_user_ViswaPrabath-g8o,yt_video_2,comment,youtube,politics,manual,Normal
123,UgymPPQ8bOnXxjP6Ghl4AaABAg,12,1757635200,yt_user_ViswaPrabath-g8o,yt_video_2,comment,youtube,politics,manual,Hate
124,Ugyhy5yqCWDxaJOHFud4AaABAg,0,1757635200,yt_user_christydonald4435,yt_video_2,comment,youtube,politics,manual,Normal
125,UgzjsDo6_DlAhWE9tIZ4AaABAg,3,1757635200,yt_user_bhanud9258,yt_video_2,comment,youtube,politics,manual,Hate
126,UgzjsDo6_DlAhWE9tIZ4AaABAg.AMvOG0u4RkVAMvOldBbMv7,7,1757635200,yt_user_AKDමෛත්රීපාල,yt_video_2,comment,youtube,politics,manual,Normal
127,UgzjsDo6_DlAhWE9tIZ4AaABAg.AMvOG0u4RkVAMwPsdZe_Qh,1,1760227200,yt_user_bhanud9258,yt_video_2,comment,youtube,politics,manual,Hate
128,UgzjsDo6_DlAhWE9tIZ4AaABAg.AMvOG0u4RkVAN-OqwFwiIJ,1,1760227200,yt_user_SupervisorLk,yt_video_2,comment,youtube,politics,manual,Hate
129,UgzjsDo6_DlAhWE9tIZ4AaABAg.AMvOG0u4RkVAN-P82WBgGt,1,1760227200,yt_user_AKDමෛත්රීපාල,yt_video_2,comment,youtube,politics,manual,Normal
130,UgzjsDo6_DlAhWE9tIZ4AaABAg.AMvOG0u4RkVAN-Q204JEbz,0,1760227200,yt_user_SupervisorLk,yt_video_2,comment,youtube,politics,manual,Hate
131,UgzjsDo6_DlAhWE9tIZ4AaABAg.AMvOG0u4RkVAN-QLFNxTy4,0,1760227200,yt_user_SupervisorLk,yt_video_2,comment,youtube,politics,manual,Hate
132,Ugx2omstjh4mmuiuCZx4AaABAg,1,1757635200,yt_user_NalindaJayathilaka-d8m,yt_video_2,comment,youtube,politics,manual,Hate
133,Ugx7LweQKpNmMTDpp9B4AaABAg,26,1757635200,yt_user_janakabandara881,yt_video_2,comment,youtube,politics,manual,Normal
134,Ugx1JMvo7g9JO8HqCBl4AaABAg,36,1757635200,yt_user_WaruniPriyanandani,yt_video_2,comment,youtube,politics,manual,Normal
135,UgxsEijSSgbZO61OhBZ4AaABAg,11,1757635200,yt_user_Blackflagxll,yt_video_2,comment,youtube,politics,manual,Hate
136,UgxsEijSSgbZO61OhBZ4AaABAg.AMvO0YWJYzKAMwQB5Z-qcm,2,1760227200,yt_user_thavelogue_chronicles,yt_video_2,comment,youtube,politics,manual,Normal
137,UgxsEijSSgbZO61OhBZ4AaABAg.AMvO0YWJYzKAMwRASIKSf3,0,1760227200,yt_user_Blackflagxll,yt_video_2,comment,youtube,politics,manual,Hate
138,UgwPTu_eeHhYq32qvo14AaABAg,96,1757635200,yt_user_Neha-h6e2s,yt_video_2,comment,youtube,politics,manual,Normal
139,UgwPTu_eeHhYq32qvo14AaABAg.AMvNoPFITbmAMvOcAzXdXK,7,1757635200,yt_user_ChillestGuyEver00,yt_video_2,comment,youtube,politics,manual,Normal
140,UgwPTu_eeHhYq32qvo14AaABAg.AMvNoPFITbmAMvQ7QDWMxe,6,1757635200,yt_user_Neha-h6e2s,yt_video_2,comment,youtube,politics,manual,Normal
141,UgwPTu_eeHhYq32qvo14AaABAg.AMvNoPFITbmAMvpr9Gqvzy,0,1757635200,yt_user_ChillestGuyEver00,yt_video_2,comment,youtube,politics,manual,Normal
142,UgwPTu_eeHhYq32qvo14AaABAg.AMvNoPFITbmAMvrchPRiT9,1,1757635200,yt_user_Neha-h6e2s,yt_video_2,comment,youtube,politics,manual,Normal
143,UgwPTu_eeHhYq32qvo14AaABAg.AMvNoPFITbmAMvvZ0v_ugf,0,1757635200,yt_user_ChillestGuyEver00,yt_video_2,comment,youtube,politics,manual,Normal
144,UgwPTu_eeHhYq32qvo14AaABAg.AMvNoPFITbmAMvvldCzrVz,0,1757635200,yt_user_ChillestGuyEver00,yt_video_2,comment,youtube,politics,manual,Normal
145,UgwPTu_eeHhYq32qvo14AaABAg.AMvNoPFITbmAMw0CfVKSPJ,0,1757635200,yt_user_Neha-h6e2s,yt_video_2,comment,youtube,politics,manual,Normal
146,UgwPTu_eeHhYq32qvo14AaABAg.AMvNoPFITbmAMw31G40Rze,4,1757635200,yt_user_nimaljayasiri6065,yt_video_2,comment,youtube,politics,manual,Normal
147,UgwPTu_eeHhYq32qvo14AaABAg.AMvNoPFITbmAMwNrXFwPnM,0,1760227200,yt_user_ChillestGuyEver00,yt_video_2,comment,youtube,politics,manual,Hate
148,UgwPTu_eeHhYq32qvo14AaABAg.AMvNoPFITbmAMwOM9rJPKj,0,1760227200,yt_user_ChillestGuyEver00,yt_video_2,comment,youtube,politics,manual,Normal
149,UgwPTu_eeHhYq32qvo14AaABAg.AMvNoPFITbmAN-pN0Za7xt,1,1760227200,yt_user_Neha-h6e2s,yt_video_2,comment,youtube,politics,manual,Normal
150,UgwPTu_eeHhYq32qvo14AaABAg.AMvNoPFITbmANP8Bpojr3R,0,1760227200,yt_user_Name_000_0,yt_video_2,comment,youtube,politics,manual,Normal
151,Ugz1_bAv3Iv8uqpCru94AaABAg,5,1757635200,yt_user_ranjithnimal566,yt_video_2,comment,youtube,politics,manual,Normal
152,Ugz_NDweta282BzZPc54AaABAg,22,1757635200,yt_user_sportcalledcricket2009,yt_video_2,comment,youtube,politics,manual,Normal
153,Ugz_NDweta282BzZPc54AaABAg.AMvN66_kpk4AMvNuD8oYFT,1,1757635200,yt_user_ranjithnimal566,yt_video_2,comment,youtube,politics,manual,Hate
154,Ugz_NDweta282BzZPc54AaABAg.AMvN66_kpk4AMvOj-qIxgh,7,1757635200,yt_user_AKDමෛත්රීපාල,yt_video_2,comment,youtube,politics,manual,Hate
155,Ugz_NDweta282BzZPc54AaABAg.AMvN66_kpk4AN-v_bug-mO,0,1760227200,yt_user_savinduKavishka-b7r,yt_video_2,comment,youtube,politics,manual,Normal
156,UgzM9pQ3HqOSJJLVPth4AaABAg,19,1757635200,yt_user_DaddyDim,yt_video_2,comment,youtube,politics,manual,Hate
157,UgwSnaE6-w49xSR5knR4AaABAg,42,1757635200,yt_user_AKDමෛත්රීපාල,yt_video_2,comment,youtube,politics,manual,Normal
158,UgwSnaE6-w49xSR5knR4AaABAg.AMvMvh-OWlBAMvNsMLmO3Z,0,1757635200,yt_user_ranjithnimal566,yt_video_2,comment,youtube,politics,manual,Hate
159,UgwSnaE6-w49xSR5knR4AaABAg.AMvMvh-OWlBAMvOgwd7anc,6,1757635200,yt_user_AKDමෛත්රීපාල,yt_video_2,comment,youtube,politics,manual,Hate
160,UgzCIU_MjdmpXA4uZxV4AaABAg,18,1757635200,yt_user_KumuduniFrenado,yt_video_2,comment,youtube,politics,manual,Normal
161,UgyGZfronxik7vnhZGB4AaABAg,1,1765411200,yt_user_DominikSilva-o1k,yt_video_3,comment,youtube,politics,manual,Hate
162,UgxIpSDXTX-3Z3e3fyd4AaABAg,1,1765411200,yt_user_DominikSilva-o1k,yt_video_3,comment,youtube,politics,manual,Normal
163,UgyGEgiogOfj35qU1t94AaABAg,1,1765411200,yt_user_DominikSilva-o1k,yt_video_3,comment,youtube,politics,manual,Normal
164,Ugy4xhVSnHHulZnD6vV4AaABAg,0,1765152000,yt_user_dorawakarev.wimala2508,yt_video_3,comment,youtube,politics,manual,Hate
165,UgwuKSNFtlhOfwu3MY94AaABAg,0,1765065600,yt_user_NiranjalakusumRajapaksha-p1r,yt_video_3,comment,youtube,politics,manual,Hate
166,Ugyg8O1YhGhHBNZ80TB4AaABAg,0,1765065600,yt_user_AjithWasantha-n9j9j,yt_video_3,comment,youtube,politics,manual,Normal
167,UgzYgzhJt6W0WCD2a7h4AaABAg,0,1764979200,yt_user_subashinichandrasekara9885,yt_video_3,comment,youtube,politics,manual,Normal
168,Ugw0eVaEMTbKxyfVvL54AaABAg,0,1764806400,yt_user_subhashiranathunga3055,yt_video_3,comment,youtube,politics,manual,Hate
169,UgwIk5HVGkHF35ZAkIR4AaABAg,1,1764720000,yt_user_isharaudith7636,yt_video_3,comment,youtube,politics,manual,Normal
170,Ugy8kKY2YsfJMvmqCB54AaABAg,0,1764633600,yt_user_Sanjeewasampath-j9b,yt_video_3,comment,youtube,politics,manual,Hate
171,UgxmnYgjHpsWSXiLrGh4AaABAg,0,1764633600,yt_user_Sanjeewasampath-j9b,yt_video_3,comment,youtube,politics,manual,Hate
172,UgwxgQ2xh4wrzDUM-xh4AaABAg,0,1764547200,yt_user_wijethungachaminda7999,yt_video_3,comment,youtube,politics,manual,Hate
173,UgyZSuF5cg9TSO1O2Sh4AaABAg,0,1764460800,yt_user_chat8444,yt_video_3,comment,youtube,politics,manual,Normal
174,UgwTqQlwGGEo6I0QKHJ4AaABAg,0,1764374400,yt_user_Labro9,yt_video_3,comment,youtube,politics,manual,Normal
175,Ugxj57HehqjFJ6ZCwG14AaABAg,0,1764374400,yt_user_Raaa256,yt_video_3,comment,youtube,politics,manual,Normal
176,UgxHWgqQF1MYrhIwPsF4AaABAg,0,1764288000,yt_user_dileepaparis6938,yt_video_3,comment,youtube,politics,manual,Hate
177,UgyIVeYHLbzXk9osgIZ4AaABAg,0,1764288000,yt_user_dileepaparis6938,yt_video_3,comment,youtube,politics,manual,Hate
178,Ugx68Lm_QiIbutN1o7Z4AaABAg,0,1764288000,yt_user_SiyaLatha-h5e,yt_video_3,comment,youtube,politics,manual,Hate
179,UgxqFFDsRrRQxY4ADYF4AaABAg,0,1764288000,yt_user_IndikaRuwan-k5d4t,yt_video_3,comment,youtube,politics,manual,Normal
180,UgyPJfsXKmoQvkTMLoZ4AaABAg,0,1764288000,yt_user_roshanhewage4352,yt_video_3,comment,youtube,politics,manual,Hate
181,UgyWqnrQQYpLqj4JVqB4AaABAg,0,1764288000,yt_user_SamaraGunawardana-hn9vv,yt_video_3,comment,youtube,politics,manual,Hate
182,UgwYGh_AKwVRDFkI4Kh4AaABAg,0,1764288000,yt_user_ChamindaPerera-v2w7v,yt_video_3,comment,youtube,politics,manual,Hate
183,Ugz1bSbc-SEgOXrKqf54AaABAg,0,1764288000,yt_user_kdentertainments,yt_video_3,comment,youtube,politics,manual,Hate
184,UgzBJMtszr834HHpx014AaABAg,0,1764288000,yt_user_AnandaAnanda-f1f,yt_video_3,comment,youtube,politics,manual,Normal
185,UgxcPYQrekNRdJzrOLR4AaABAg,0,1764288000,yt_user_NadeeshaMediwake,yt_video_3,comment,youtube,politics,manual,Normal
186,UgybEzqDiNE0yhUOqOZ4AaABAg,0,1764288000,yt_user_UdayaKumar-z7s9m,yt_video_3,comment,youtube,politics,manual,Hate
187,Ugz1EeDoKDDCWI0cnQJ4AaABAg,0,1764288000,yt_user_NiroshaHerath-w2o,yt_video_3,comment,youtube,politics,manual,Normal
188,UgyFmTfHGkWudSti8QJ4AaABAg,0,1764288000,yt_user_NiroshaHerath-w2o,yt_video_3,comment,youtube,politics,manual,Normal
189,UgwD7CB5qZ0K2kt1e894AaABAg,0,1764288000,yt_user_SomasaraSomasara,yt_video_3,comment,youtube,politics,manual,Normal
190,UgwFkxTButTXlThr4OJ4AaABAg,1,1764288000,yt_user_BandaraWijesinha-u5u,yt_video_3,comment,youtube,politics,manual,Hate
191,UgxkSOIWqSOuX2kpsv94AaABAg,0,1764288000,yt_user_MohottalaSarath,yt_video_3,comment,youtube,politics,manual,Normal
192,Ugwm2a0HYFvOpcrbPQF4AaABAg,0,1764288000,yt_user_MohottalaSarath,yt_video_3,comment,youtube,politics,manual,Hate
193,UgxWwHA596VbeH8QhQB4AaABAg,0,1763683200,yt_user_LasanthaKulasinghe,yt_video_3,comment,youtube,politics,manual,Normal
194,UgzhrKWb_QAMV5ZfP994AaABAg,0,1763683200,yt_user_PureMindVisuals,yt_video_3,comment,youtube,politics,manual,Hate
195,UgxUJl50YkQkWogF7Id4AaABAg,0,1763683200,yt_user_galwije,yt_video_3,comment,youtube,politics,manual,Hate
196,UgyHheRSlRbXjoeZpsd4AaABAg,0,1763683200,yt_user_galwije,yt_video_3,comment,youtube,politics,manual,Hate
197,Ugx6KHjJqA0ZvMfghjl4AaABAg,0,1763683200,yt_user_Rushmiamaya,yt_video_3,comment,youtube,politics,manual,Normal
198,UgxOZNEfAmYAxfSsWRF4AaABAg,3,1763683200,yt_user_IsuruDileep-f2q,yt_video_3,comment,youtube,politics,manual,Normal
199,UgwEzbPbl8MU1pTSu7N4AaABAg,0,1763683200,yt_user_rashmiprithvi,yt_video_3,comment,youtube,politics,manual,Normal
200,Ugys8UmKkIs4vBcVx1t4AaABAg,0,1763683200,yt_user_srimalrathnasekara4860,yt_video_3,comment,youtube,politics,manual,Normal
201,Ugya4xsSgQvpmlUtG4V4AaABAg,0,1763683200,yt_user_anuruddapeiris9954,yt_video_3,comment,youtube,politics,manual,Hate
202,UgxCPzV0LLNX3tpA6Eh4AaABAg,0,1763683200,yt_user_AmilaJayamanna,yt_video_3,comment,youtube,politics,manual,Normal
203,UgynhxQuylTH2Cphnxp4AaABAg,0,1763683200,yt_user_DilhanMadusanka-q2j,yt_video_3,comment,youtube,politics,manual,Normal
204,UgwVw45WKgkhU2Kbdrh4AaABAg,0,1763683200,yt_user_indikauluwaduge,yt_video_3,comment,youtube,politics,manual,Normal
205,UgwHzDhkPl29zpODE4B4AaABAg,0,1763683200,yt_user_indrasiridewage3122,yt_video_3,comment,youtube,politics,manual,Hate
206,UgyViG-RLYXjh7zJeqV4AaABAg,0,1763683200,yt_user_chandanawee,yt_video_3,comment,youtube,politics,manual,Normal
207,UgytRS_eQXkgSDUS5Ed4AaABAg,0,1763683200,yt_user_darshanaprasanna4729,yt_video_3,comment,youtube,politics,manual,Normal
208,Ugw8aRLyGftwufOyHNN4AaABAg,3,1763683200,yt_user_anurasenarath567,yt_video_3,comment,youtube,politics,manual,Normal
209,Ugy9xMi5ruehVS2_AfB4AaABAg,0,1763683200,yt_user_බාස්-ග1ච,yt_video_3,comment,youtube,politics,manual,Hate
210,UgxsNFnJuJyU7gHm5Kl4AaABAg,0,1763683200,yt_user_NadeekaMunasinghe-b2d,yt_video_3,comment,youtube,politics,manual,Normal
211,UgxsBNiJoC6C4cxeVZl4AaABAg,0,1763683200,yt_user_munarfaanas1890,yt_video_3,comment,youtube,politics,manual,Normal
212,UgyuDfW-9I6noAIhqbR4AaABAg,0,1763683200,yt_user_adventureacademy6592,yt_video_3,comment,youtube,politics,manual,Normal
213,UgwSZtH9zKjwbVmBN3x4AaABAg,0,1763683200,yt_user_nuwanmaduranga5940,yt_video_3,comment,youtube,politics,manual,Normal
214,UgzlY7QKzzkZVcu_Kxh4AaABAg,0,1763683200,yt_user_ShakilaDilshan-v5z,yt_video_3,comment,youtube,politics,manual,Normal
215,UgwMfCE9yd9dB5Dgesl4AaABAg,0,1763683200,yt_user_UpasenaUpasena-v5i,yt_video_3,comment,youtube,politics,manual,Normal
216,Ugxk0Tr2JAYe2lujjtt4AaABAg,2,1763683200,yt_user_susilsenarathna7076,yt_video_3,comment,youtube,politics,manual,Hate
217,UgwIhWjUFiKMbrnMhk94AaABAg,0,1763683200,yt_user_Damindasuranjith,yt_video_3,comment,youtube,politics,manual,Normal
218,UgyQFZRrLvbFLX__fmx4AaABAg,0,1763683200,yt_user_mdshifan7211,yt_video_3,comment,youtube,politics,manual,Normal
219,UgzSq3MveOV9ews7ehp4AaABAg,0,1763683200,yt_user_kasunmalinga3412,yt_video_3,comment,youtube,politics,manual,Normal
220,UgwqUnTbplQ3Cwm7ePF4AaABAg,0,1763683200,yt_user_RuwanChandima-w2h,yt_video_3,comment,youtube,politics,manual,Normal
221,UgzT8VRHYhvXtqaM0Ft4AaABAg,0,1763683200,yt_user_dilshanAajith,yt_video_3,comment,youtube,politics,manual,Normal
222,UgwvQi1DGdf1dRg0zwl4AaABAg,0,1763683200,yt_user_LeelasiriEdirisingha,yt_video_3,comment,youtube,politics,manual,Normal
223,Ugz-kui8Ey2waY3hiL54AaABAg,0,1763683200,yt_user_DimuthuPriyankara-z2p,yt_video_3,comment,youtube,politics,manual,Normal
224,UgzVUR8EVx2oaiIFYq54AaABAg,0,1763683200,yt_user_KanthiKalupahana-l9m,yt_video_3,comment,youtube,politics,manual,Normal
225,UgwiC_KWIoVyUXu6zdh4AaABAg,0,1763683200,yt_user_sathyagaweshaka8430,yt_video_3,comment,youtube,politics,manual,Normal
226,UgxnSkPjlokYbX4nVcN4AaABAg,0,1763683200,yt_user_KumaraVijebandara-r3r,yt_video_3,comment,youtube,politics,manual,Normal
227,UgxgjDzdyyALgMZqGPB4AaABAg,5,1763683200,yt_user_KumaraVijebandara-r3r,yt_video_3,comment,youtube,politics,manual,Normal
228,UgzoT2XENTGwNPKzK3B4AaABAg,1,1763683200,yt_user_ZeylonTradition,yt_video_3,comment,youtube,politics,manual,Normal
229,Ugz5uZll2OEhq2ohsVZ4AaABAg,0,1763683200,yt_user_ZeylonTradition,yt_video_3,comment,youtube,politics,manual,Hate
230,UgwZLRPtN3Zcn-J4zth4AaABAg,0,1763683200,yt_user_Banduladisanayake456,yt_video_3,comment,youtube,politics,manual,Normal
231,Ugzq8eSbG1RyzbnAt8J4AaABAg,0,1763078400,yt_user_slt99gaming6,yt_video_3,comment,youtube,politics,manual,Hate
232,UgzMkTiQH5sV0gvF_JF4AaABAg,3,1763078400,yt_user_SurangaewmSuranga,yt_video_3,comment,youtube,politics,manual,Normal
233,Ugz4rFOI9sSwVDKVMbN4AaABAg,0,1763078400,yt_user_nanimal4200,yt_video_3,comment,youtube,politics,manual,Normal
234,Ugz3DG_AOOCYzTbiaPp4AaABAg,0,1763078400,yt_user_AjithLanerolle,yt_video_3,comment,youtube,politics,manual,Hate
235,Ugyms6mW_1dAO74Wr754AaABAg,0,1763078400,yt_user_kisangasomacyril5724,yt_video_3,comment,youtube,politics,manual,Hate
236,UgzEDtdnYlJODVjTJvt4AaABAg,0,1763078400,yt_user_nishannest2399,yt_video_3,comment,youtube,politics,manual,Normal
237,Ugw8AagVAk1O48xeEHp4AaABAg,0,1763078400,yt_user_Cyberthinu,yt_video_3,comment,youtube,politics,manual,Normal
238,UgwuG31m2hfMq2xwDsB4AaABAg,4,1763078400,yt_user_shiranidominic9138,yt_video_3,comment,youtube,politics,manual,Normal
239,UgzzJmbb2O__Uqgpgs94AaABAg,0,1763078400,yt_user_rohanpranith1221,yt_video_3,comment,youtube,politics,manual,Normal
240,UgzuMghb64DoR_YLSxh4AaABAg,9,1763078400,yt_user_SithumSampath-k2d,yt_video_3,comment,youtube,politics,manual,Disinfo
241,UgyhsJNCGfX_Ywg-a-Z4AaABAg,0,1763078400,yt_user_rajithavroon9938,yt_video_3,comment,youtube,politics,manual,Hate
242,Ugy1GrZklHGnS8MVCgJ4AaABAg,4,1763078400,yt_user_NevilSweshDmal,yt_video_3,comment,youtube,politics,manual,Normal
243,UgwRxKTW-D1sRniK9uh4AaABAg,0,1763078400,yt_user_ErandiKulathunga-z8s,yt_video_3,comment,youtube,politics,manual,Disinfo
244,UgyHHBU8T8lcsR1IIxV4AaABAg,0,1763078400,yt_user_shakirmohammed1068,yt_video_3,comment,youtube,politics,manual,Normal
245,Ugx4pG_t4ArZV2FtVxF4AaABAg,0,1762905600,yt_user_kaliyoung7442,yt_video_3,comment,youtube,politics,manual,Normal
246,UgzfjwfhdoBwjPX2qsJ4AaABAg,0,1762905600,yt_user_kanthikumari4765,yt_video_3,comment,youtube,politics,manual,Normal
247,Ugx7KAN3pX4AQN6wqd54AaABAg,0,1762905600,yt_user_Asanka1989-wl,yt_video_3,comment,youtube,politics,manual,Disinfo
248,UgxCVCrjhDGTyWuZgKF4AaABAg,1,1762905600,yt_user_janakailukkumbure4890,yt_video_3,comment,youtube,politics,manual,Normal
249,UgwJNVy6vmcaNEEddlx4AaABAg,0,1762905600,yt_user_steffananderson7222,yt_video_3,comment,youtube,politics,manual,Hate
250,UgwO2BlDzfaLK49gnxN4AaABAg,0,1762905600,yt_user_jagathnanayakkara4769,yt_video_3,comment,youtube,politics,manual,Hate
251,Ugz7levwSJi8hv_H-W14AaABAg,0,1762905600,yt_user_gaminisusajee8467,yt_video_3,comment,youtube,politics,manual,Hate
252,UgwmBHOzdMC9kyulMnJ4AaABAg,4,1762905600,yt_user_PriyankaHerath-b5w,yt_video_3,comment,youtube,politics,manual,Hate
253,Ugwiv6sWBr2wvvO4fnJ4AaABAg,1,1762905600,yt_user_MahindaPeiris,yt_video_3,comment,youtube,politics,manual,Normal
254,Ugx7Ogw0TzWowSlE3Gl4AaABAg,0,1762905600,yt_user_saparamadhujayatilleke2166,yt_video_3,comment,youtube,politics,manual,Hate
255,Ugy7DL9YozBhsoVa6aV4AaABAg,1,1762905600,yt_user_PrabathDananjaya-tv,yt_video_3,comment,youtube,politics,manual,Normal
256,Ugw56pnRpSOy4mGg2up4AaABAg,0,1762905600,yt_user_GunawardanaLiyanage-t3t,yt_video_3,comment,youtube,politics,manual,Normal
257,Ugz8wl1SQEJ6gwHxhIl4AaABAg,3,1762905600,yt_user_nisalabeysinghe9847,yt_video_3,comment,youtube,politics,manual,Normal
258,UgyOhXPuuGHCxLbLAmF4AaABAg,8,1762905600,yt_user_Dontdowrong-g9w,yt_video_3,comment,youtube,politics,manual,Hate
259,UgwRGgGE7L3IFBAzLgl4AaABAg,0,1762905600,yt_user_bonifesperere5059,yt_video_3,comment,youtube,politics,manual,Hate
260,UgzW5VIjUP2dWXHWBI54AaABAg,0,1762905600,yt_user_mohamedimran3946,yt_video_3,comment,youtube,politics,manual,Normal
261,UgyQWoTteGN-EkCiVeN4AaABAg,0,1762905600,yt_user_samithdilshan1993,yt_video_3,comment,youtube,politics,manual,Normal
262,Ugxus_XmOc10L5lXbp94AaABAg,1,1762905600,yt_user_RubiBalla-x8n,yt_video_3,comment,youtube,politics,manual,Normal
263,UgwzGVbO4rRCsOqIAph4AaABAg,0,1762905600,yt_user_Chenox-y3n,yt_video_3,comment,youtube,politics,manual,Normal
264,Ugx6gWXnRRkePeHnu1h4AaABAg,4,1762905600,yt_user_LaLalani-u2d,yt_video_3,comment,youtube,politics,manual,Normal
265,UgxxFEUq01fhD3kgTNF4AaABAg,0,1762905600,yt_user_harshaamarasekara666,yt_video_3,comment,youtube,politics,manual,Hate
266,UgyumO5OwDp76Oz-_nR4AaABAg,0,1762905600,yt_user_wickremasinghenimal631,yt_video_3,comment,youtube,politics,manual,Hate
267,UgwHwbuB3LeTRNoutK54AaABAg,3,1762905600,yt_user_SenosHarsha,yt_video_3,comment,youtube,politics,manual,Hate
268,UgyqJaFsOWvtY123vEF4AaABAg,3,1762905600,yt_user_mangalasuraweera,yt_video_3,comment,youtube,politics,manual,Normal
269,UgxSV6eeHFhDYXNFbl94AaABAg,0,1762905600,yt_user_chamindanawarathna9576,yt_video_3,comment,youtube,politics,manual,Hate
270,UgzJ7Pt4CXjoA8I5ONh4AaABAg,0,1762905600,yt_user_disanayakadisanayaka4989,yt_video_3,comment,youtube,politics,manual,Normal
271,Ugy2gqATVN5zWAG8NS94AaABAg,0,1762905600,yt_user_susajeegamini3803,yt_video_3,comment,youtube,politics,manual,Normal
272,Ugy_nq3L_J1L9k80Oyt4AaABAg,0,1762905600,yt_user_priyadharshini1581,yt_video_3,comment,youtube,politics,manual,Normal
273,UgwA7MjsjhHRjSTN9up4AaABAg,0,1762905600,yt_user_ranjithdissanayaka1149,yt_video_3,comment,youtube,politics,manual,Normal
274,Ugx4ZpNYP35faaBT7KJ4AaABAg,0,1762905600,yt_user_ranjithdissanayaka1149,yt_video_3,comment,youtube,politics,manual,Normal
275,UgwJzvHGtEpg6uMIx3F4AaABAg,5,1762905600,yt_user_rasindurishmitha1387,yt_video_3,comment,youtube,politics,manual,Normal
276,UgzAZzxEQ0WXTRao21Z4AaABAg,0,1762905600,yt_user_NishelNiruwan,yt_video_3,comment,youtube,politics,manual,Normal
277,UgzatDgvCZ-ODI-imyt4AaABAg,4,1762905600,yt_user_NilukaDamayanthi-mr3mh,yt_video_3,comment,youtube,politics,manual,Hate
278,Ugw1BdLwOd3is1s7Uh94AaABAg,0,1762905600,yt_user_SisiraKumara-g9o,yt_video_3,comment,youtube,politics,manual,Hate
279,Ugwl1T4_F8S85Bu4urZ4AaABAg,0,1762905600,yt_user_DulanjanaSadaruwan-h5q3n,yt_video_3,comment,youtube,politics,manual,Normal
280,UgxHHJTvH1BHkP4BjY94AaABAg,0,1762905600,yt_user_manjumanju-ru1sb,yt_video_3,comment,youtube,politics,manual,Hate
281,UgwueVXABP8UaLqcGEZ4AaABAg,3,1762905600,yt_user_jagathkarunarathne3170,yt_video_3,comment,youtube,politics,manual,Normal
282,UgyW1BCuh6S6dKzPQhp4AaABAg,1,1762905600,yt_user_songmusicprabash1856,yt_video_3,comment,youtube,politics,manual,Normal
283,UgzMX8ZwOF-Js6tJGo94AaABAg,1,1762905600,yt_user_samithatennekoon4007,yt_video_3,comment,youtube,politics,manual,Normal
284,Ugx1mJEJVcTk8dy2kRd4AaABAg,4,1762905600,yt_user_RathnasekaraRathnayakamudiyans,yt_video_3,comment,youtube,politics,manual,Hate
285,UgzLfU60SkwuYnU8ukh4AaABAg,3,1762905600,yt_user_SurangaEkanayaka-o2m,yt_video_3,comment,youtube,politics,manual,Normal
286,UgwvBPk-UYhBLbRu2jV4AaABAg,6,1762905600,yt_user_MalkanthiAbeynayake,yt_video_3,comment,youtube,politics,manual,Normal
287,UgwX4fQjn5kyKMWrWq14AaABAg,5,1762905600,yt_user_LalitKumar-o4f5j,yt_video_3,comment,youtube,politics,manual,Normal
288,UgzpwkRZkTlEvd5IHDZ4AaABAg,0,1762905600,yt_user_senarathbalasooriyabalasoo1910,yt_video_3,comment,youtube,politics,manual,Normal
289,UgyJKOCukx9VHWY8rWB4AaABAg,1,1762905600,yt_user_RamyaLasanthi-p6u,yt_video_3,comment,youtube,politics,manual,Normal
290,UgzvAe8LA4reUJhi5Mh4AaABAg,0,1762905600,yt_user_isharasandeepa8205,yt_video_3,comment,youtube,politics,manual,Normal
291,UgxRYLoiBSTWulFt8j54AaABAg,0,1762905600,yt_user_kumarasilva1395,yt_video_3,comment,youtube,politics,manual,Normal
292,UgwH5HekjcuXBazTlSB4AaABAg,0,1762905600,yt_user_anandaathukorala5266,yt_video_3,comment,youtube,politics,manual,Normal
293,UgxK0lzcrKDXQeVxAqR4AaABAg,1,1762905600,yt_user_BihangaAnuhas,yt_video_3,comment,youtube,politics,manual,Normal
294,UgyDlkft458tcFaWZ-x4AaABAg,0,1762905600,yt_user_DammikaWalpola-k4n,yt_video_3,comment,youtube,politics,manual,Normal
295,Ugy_LaYLVZXCDbhKycd4AaABAg,5,1762905600,yt_user_nayanasaputanthri5466,yt_video_3,comment,youtube,politics,manual,Normal
296,UgwlTloHRrvx08sksy14AaABAg,0,1762905600,yt_user_ajithkumara2401,yt_video_3,comment,youtube,politics,manual,Hate
297,UgxuCfWMqbnhaVYgsTZ4AaABAg,0,1762905600,yt_user_ajithkumara2401,yt_video_3,comment,youtube,politics,manual,Hate
298,UgxyGSWuPRYMJHc87BN4AaABAg,0,1762905600,yt_user_shamshardmarikkar653,yt_video_3,comment,youtube,politics,manual,Hate
299,UgwytJOnQJeycT1gjEt4AaABAg,4,1762905600,yt_user_menson1352,yt_video_3,comment,youtube,politics,manual,Normal
300,UgzmEbD6us5158P4Tqp4AaABAg,1,1762905600,yt_user_pradeepnadeera-d6g,yt_video_3,comment,youtube,politics,manual,Normal
301,UgwQCwDnNC3t6SympZ14AaABAg,0,1762905600,yt_user_skg9581,yt_video_3,comment,youtube,politics,manual,Hate
302,UgwAmg3nhJDxzd9mwrp4AaABAg,0,1762905600,yt_user_priyanthasamarasingha2275,yt_video_3,comment,youtube,politics,manual,Normal
303,Ugy9NO70tXdR42KzxwZ4AaABAg,1,1762905600,yt_user_diliphewawellalalage4196,yt_video_3,comment,youtube,politics,manual,Normal
304,UgzYakDgZFoROIH57bR4AaABAg,0,1762905600,yt_user_skg9581,yt_video_3,comment,youtube,politics,manual,Hate
305,Ugx2iPGZsQBvFUVHXtV4AaABAg,0,1762905600,yt_user_nishanthagunasekara-k1e,yt_video_3,comment,youtube,politics,manual,Normal
306,Ugw0ed2VGSyJALDzWIZ4AaABAg,1,1762905600,yt_user_msiipeditz,yt_video_3,comment,youtube,politics,manual,Hate
307,UgxuITeuMmNTRywrkMx4AaABAg,0,1762905600,yt_user_skg9581,yt_video_3,comment,youtube,politics,manual,Hate
308,UgyvGhzFXhd2On58RJJ4AaABAg,0,1762905600,yt_user_skg9581,yt_video_3,comment,youtube,politics,manual,Hate
309,UgwObQihM340Cs_T-Yp4AaABAg,2,1762905600,yt_user_NelsansumanaBandara,yt_video_3,comment,youtube,politics,manual,Normal
310,Ugx4uEZpVIA_IQV9hHh4AaABAg,0,1762905600,yt_user_ManjulaAbeysundara,yt_video_3,comment,youtube,politics,manual,Hate
311,UgzgRgsVtp9Hcsm5z7B4AaABAg,1,1762905600,yt_user_wasanthaherath2012,yt_video_3,comment,youtube,politics,manual,Normal
312,UgyKLgBae9DkUVlBojB4AaABAg,0,1762905600,yt_user_UdayaUpul,yt_video_3,comment,youtube,politics,manual,Hate
313,UgwAFuHErL4VNZ2qzAN4AaABAg,0,1762905600,yt_user_amangiseneviratne6017,yt_video_3,comment,youtube,politics,manual,Normal
314,UgwxKA1xoqT2uA9Dyid4AaABAg,0,1762905600,yt_user_SmamarasuriyaAmarasuriya,yt_video_3,comment,youtube,politics,manual,Normal
315,Ugx5DvSLs_Z2cAc9dJJ4AaABAg,0,1762905600,yt_user_Lankanlife,yt_video_3,comment,youtube,politics,manual,Hate
316,UgzRKnMDjGyrMEecCAh4AaABAg,0,1762905600,yt_user_shanthichandrika-v5p,yt_video_3,comment,youtube,politics,manual,Hate
317,UgyYwEi60wCfbUp70PR4AaABAg,0,1762905600,yt_user_DinushaGunawardhana-s2k,yt_video_3,comment,youtube,politics,manual,Normal
318,UgzoyhPsti8NbzkyeM14AaABAg,0,1762905600,yt_user_DinushaGunawardhana-s2k,yt_video_3,comment,youtube,politics,manual,Normal
319,UgxwoiJlze_fVf6ZaWN4AaABAg,0,1762905600,yt_user_SameeraSandaruwan-el3jv,yt_video_3,comment,youtube,politics,manual,Hate
320,UgxQeZSJtyMivueSz-x4AaABAg,3,1762905600,yt_user_beetgroot8959,yt_video_3,comment,youtube,politics,manual,Normal
321,Ugx2cHV9BFIWVE61gQF4AaABAg,3,1762905600,yt_user_AmilaEresh-t1r,yt_video_3,comment,youtube,politics,manual,Hate
322,UgxAaWA0MiHYqo6GXHR4AaABAg,0,1762905600,yt_user_nimaljayasiri6065,yt_video_3,comment,youtube,politics,manual,Hate
323,UgzNBIyxRb2EROmX0j14AaABAg,27,1762905600,yt_user_w.m.nissankaweerakoon4887,yt_video_3,comment,youtube,politics,manual,Normal
324,Ugy9o_pJn4fsxtiLxXN4AaABAg,0,1762905600,yt_user_PriyaArchchi,yt_video_3,comment,youtube,politics,manual,Normal
325,Ugy4RUwQzQekMAWO9KZ4AaABAg,0,1762905600,yt_user_KanishkaLakshan-ur2dt,yt_video_3,comment,youtube,politics,manual,Normal
326,UgxeCterYjxvMcMa9cN4AaABAg,0,1762905600,yt_user_freedomis8551,yt_video_3,comment,youtube,politics,manual,Normal
327,Ugx87vzAbbv0mgiia-N4AaABAg,7,1762905600,yt_user_RenukaSooriyaarachchi,yt_video_3,comment,youtube,politics,manual,Normal
328,UgxH2FcyiXzRUxBs_zx4AaABAg,0,1762905600,yt_user_sunimalfernando4402,yt_video_3,comment,youtube,politics,manual,Normal
329,Ugym_BJ4z6d2RXzLpmF4AaABAg,1,1762905600,yt_user_Gaminikumara51,yt_video_3,comment,youtube,politics,manual,Normal
330,Ugwfz6tLohiJl3mgCLR4AaABAg,37,1762905600,yt_user_DisnaPrasangika,yt_video_3,comment,youtube,politics,manual,Normal
331,UgyZU6cS053QNk9MUvt4AaABAg,1,1762905600,yt_user_idusararusith,yt_video_3,comment,youtube,politics,manual,Hate
332,UgwF-MfBv9qmeLXrIzJ4AaABAg,20,1762905600,yt_user_HindikaSuresh,yt_video_3,comment,youtube,politics,manual,Normal
333,UgzedIkRAv-T0eDo7j54AaABAg,0,1762905600,yt_user_shariqmirzaa,yt_video_3,comment,youtube,politics,manual,Normal
334,Ugxzscb9iqL_rT5pms94AaABAg,4,1762905600,yt_user_MisbahMisbah-y2d,yt_video_3,comment,youtube,politics,manual,Normal
335,UgxxGhP2kqLZypXlnrt4AaABAg,7,1762905600,yt_user_WasanthaSamarawikrama-v9w4j,yt_video_3,comment,youtube,politics,manual,Normal
336,UgxfJ55uE1ZI3p2CRmZ4AaABAg,0,1762905600,yt_user_navodasandamini4789,yt_video_3,comment,youtube,politics,manual,Normal
337,UgxLfElwZ1g1S94jGWN4AaABAg,3,1762905600,yt_user_ChristopherSepion,yt_video_3,comment,youtube,politics,manual,Normal
338,UgwYxIAKOJ7WUdU-mnN4AaABAg,0,1762905600,yt_user_ChinthanaJayathilaka-wx9jb,yt_video_3,comment,youtube,politics,manual,Normal
339,UgwMpRaZzez6N8X3v-l4AaABAg,7,1762905600,yt_user_chandanimct3580,yt_video_3,comment,youtube,politics,manual,Normal
340,Ugx2zL9qAFyIwaXsd0N4AaABAg,9,1762905600,yt_user_GayanKuamra,yt_video_3,comment,youtube,politics,manual,Hate
341,UgxCedWRzky2JjpYi754AaABAg,25,1762905600,yt_user_ChinthanaJayathilaka-wx9jb,yt_video_3,comment,youtube,politics,manual,Hate
342,UgxBXn1X9tYWtg-YlA54AaABAg,0,1762905600,yt_user_vijayanthiiddawela5240,yt_video_3,comment,youtube,politics,manual,Normal
343,UgytSZS5Whi6oVAJtfF4AaABAg,0,1762905600,yt_user_PradeepPushpakumara-d5o6i,yt_video_3,comment,youtube,politics,manual,Normal
344,Ugy-qBGnUJBdnRK60fl4AaABAg,6,1762905600,yt_user_damayanthinonis6942,yt_video_3,comment,youtube,politics,manual,Normal
345,UgyrJbxv248haDxFCSl4AaABAg,1,1764288000,yt_user_sadunsuranga9077,yt_video_4,comment,youtube,politics,manual,Normal
346,UgzAN5YWHzboMvRgF194AaABAg,0,1764288000,yt_user_nalanihettiarachchi-d1y,yt_video_4,comment,youtube,politics,manual,Normal
347,UgwupKgHGG6UQHvGw4V4AaABAg,0,1764288000,yt_user_cloud7034,yt_video_4,comment,youtube,politics,manual,Normal
348,UgxJnWLieoSfnqWKund4AaABAg,20,1764288000,yt_user_emskekanayaka8594,yt_video_4,comment,youtube,politics,manual,Normal
349,UgwNPbrgndlTz8HmGox4AaABAg.APynWutvUUnAPz2oBXD-A4,0,1764288000,yt_user_Unstoppable353,yt_video_4,comment,youtube,politics,manual,Normal
350,UgxgYIsCwv3JOnVBfOV4AaABAg,0,1764288000,yt_user_JanaminaSuwendra,yt_video_4,comment,youtube,politics,manual,Normal
351,UgyNm7eUug7YgJhjHa54AaABAg,0,1764288000,yt_user_HiranFernando-d5u,yt_video_4,comment,youtube,politics,manual,Hate
352,UgyutYcuh9LrOLiEkO54AaABAg,0,1764288000,yt_user_Mohamed_Akeel,yt_video_4,comment,youtube,politics,manual,Normal
353,Ugw9sx0qi84pyL7UGYt4AaABAg,1,1764288000,yt_user_mahidilush3144,yt_video_4,comment,youtube,politics,manual,Normal
354,UgyFTba-ax9VrScY3el4AaABAg,0,1764288000,yt_user_maheshwijew,yt_video_4,comment,youtube,politics,manual,Normal
355,UgyTDU41WpFW0yIqNfd4AaABAg,0,1764288000,yt_user_chalith177,yt_video_4,comment,youtube,politics,manual,Normal
356,Ugx2P2gDDjbqjWMHzqR4AaABAg,0,1764288000,yt_user_SuduPutha-y7e,yt_video_4,comment,youtube,politics,manual,Normal
357,UgyNLFK-NwPRQL0vxgF4AaABAg,0,1764288000,yt_user_sampremiergrassaus7362,yt_video_4,comment,youtube,politics,manual,Normal
358,UgyoMT8S3gC635nkKIt4AaABAg,1,1764288000,yt_user_nilanthidompage9837,yt_video_4,comment,youtube,politics,manual,Normal
359,Ugzb_SfHUz8T8ue2Vt54AaABAg,0,1764288000,yt_user_Pira.89,yt_video_4,comment,youtube,politics,manual,Normal
360,UgztMVS_8zMxVhNDEk94AaABAg,0,1764288000,yt_user_MohamedRamlan-f2n,yt_video_4,comment,youtube,politics,manual,Normal
361,Ugyeg1abBJiO2rPR__B4AaABAg,0,1764288000,yt_user_rangachanaka8856,yt_video_4,comment,youtube,politics,manual,Normal
362,UgxSbt5e5WaWoFjE_Wh4AaABAg.APxZwp9vyq-APxm3qd3tQM,0,1764288000,yt_user_DushanthaBandara-t4d,yt_video_4,comment,youtube,politics,manual,Hate
363,Ugyon9DyzU11b4fg_LF4AaABAg,0,1764288000,yt_user_KcuKumara,yt_video_4,comment,youtube,politics,manual,Normal
364,Ugx3dzRW1L69FZkyh6Z4AaABAg,0,1764288000,yt_user_samithalokubaranage5923,yt_video_4,comment,youtube,politics,manual,Normal
365,UgwEYwV1cBeWu0gRbSh4AaABAg,1,1764288000,yt_user_ThisalIndrachapa-z3u,yt_video_4,comment,youtube,politics,manual,Normal
366,Ugw07rvlxWHsfqHNO5B4AaABAg,0,1764288000,yt_user_shehandilshanka6492,yt_video_4,comment,youtube,politics,manual,Normal
367,UgwoD0gc0iMJr0Kvh-p4AaABAg.APxePV8Ust3APyl-DYsc1f,2,1764288000,yt_user_savithreesirisena4857,yt_video_4,comment,youtube,politics,manual,Normal
368,Ugylc5CJV2dkdpk4PVl4AaABAg,0,1764288000,yt_user_dinushikaPiyarathna,yt_video_4,comment,youtube,politics,manual,Normal
369,UgzilU-5XKv7XKNvQNd4AaABAg.APxXArcgHDlAPxemrZry-K,6,1764288000,yt_user_anammanambukiyerasakatha6165,yt_video_4,comment,youtube,politics,manual,Normal
370,UgzkEFqAkKfxhjzDKSh4AaABAg,0,1764288000,yt_user_sakuraenterprises593,yt_video_4,comment,youtube,politics,manual,Normal
371,UgyLbh2loVZwHCO_F1J4AaABAg,0,1764288000,yt_user_DileepaRasanjana,yt_video_4,comment,youtube,politics,manual,Normal
372,Ugym33jibs2veQpq6-N4AaABAg,0,1764288000,yt_user_AnuMadu-l2s,yt_video_4,comment,youtube,politics,manual,Normal
373,UgyqAQ5KvdSJ4OS3rzF4AaABAg,0,1764288000,yt_user_SSalaruuu-zs5ni,yt_video_4,comment,youtube,politics,manual,Normal
374,UgxnTwfTkBLsw7QvtBd4AaABAg,123,1764288000,yt_user_nilanthifernando2168,yt_video_4,comment,youtube,politics,manual,Normal
375,UgzSsMxMu2DBm9HbvpR4AaABAg,0,1764288000,yt_user_taniyagunarathna2714,yt_video_4,comment,youtube,politics,manual,Normal
376,UgyDwo78_VRESii1lFl4AaABAg,0,1764288000,yt_user_NudithaMihiran25,yt_video_4,comment,youtube,politics,manual,Normal
377,Ugz69i9KX2kpPbWBCPx4AaABAg,18,1764288000,yt_user_ChamiHearth,yt_video_4,comment,youtube,politics,manual,Normal
378,UgxfP4zu0lA_69d4l_h4AaABAg,0,1764288000,yt_user_SandunpriyanthaSiriwardhana,yt_video_4,comment,youtube,politics,manual,Normal
379,UgyH1m3jkqPWpPcetDl4AaABAg,3,1764288000,yt_user_DeliciousSLIndia,yt_video_4,comment,youtube,politics,manual,Normal
380,Ugzn7MyUyDR-EwRNA2B4AaABAg,0,1764288000,yt_user_sarathranige8782,yt_video_4,comment,youtube,politics,manual,Normal
381,UgzD3jzvIaOpB6DmUE54AaABAg,0,1764288000,yt_user_pradeepsing8540,yt_video_4,comment,youtube,politics,manual,Normal
382,UgxEFzH82eSx7jUfunR4AaABAg,1,1764288000,yt_user_manelamarasekara5929,yt_video_4,comment,youtube,politics,manual,Normal
383,UgxNWUavtkVIF05kcaJ4AaABAg,0,1764288000,yt_user_chinthakasuranga9878,yt_video_4,comment,youtube,politics,manual,Normal
384,Ugzqgc6Hc9kQ_RexmAp4AaABAg,0,1764288000,yt_user_champlenad7119,yt_video_4,comment,youtube,politics,manual,Normal
385,UgwFPpXRmZAEN2L81nd4AaABAg,3,1764288000,yt_user_udanigunarathne6693,yt_video_4,comment,youtube,politics,manual,Normal
386,UgxBeiaQ4xQpSQiWvbN4AaABAg,0,1764288000,yt_user_dharshanakumara952,yt_video_4,comment,youtube,politics,manual,Hate
387,Ugy84SwZplkfO0hMZR14AaABAg,0,1764288000,yt_user_KaushalyaGamage-p6u,yt_video_4,comment,youtube,politics,manual,Normal
388,Ugyoy9gi4EoWmITsGNh4AaABAg,0,1764288000,yt_user_MahindaGunawardhana-f5z,yt_video_4,comment,youtube,politics,manual,Normal
389,Ugw93poPhSXPEeljjJ14AaABAg,0,1764288000,yt_user_RenukaPerera-n2u,yt_video_4,comment,youtube,politics,manual,Normal
390,UgwGJOpTT5RarqKgQTF4AaABAg,0,1764288000,yt_user_Chandanapradeep-h8k,yt_video_4,comment,youtube,politics,manual,Normal
391,UgxqshyIc5dIGV_R9614AaABAg,316,1764288000,yt_user_mahengodamunna2510,yt_video_4,comment,youtube,politics,manual,Normal
392,Ugz7uR6yaDR0VwMyFpt4AaABAg,0,1764288000,yt_user_nilanthifernando2168,yt_video_4,comment,youtube,politics,manual,Normal
393,Ugx-lJd2wkD9KzFAghp4AaABAg,0,1764288000,yt_user_Pushpaathapaththu-o4y,yt_video_4,comment,youtube,politics,manual,Normal
394,UgxlxAH0jC9tQmj3eCV4AaABAg,0,1764288000,yt_user_taniyagunarathna2714,yt_video_4,comment,youtube,politics,manual,Normal
395,UgxSbt5e5WaWoFjE_Wh4AaABAg.APxZwp9vyq-APye-23qOsY,1,1764288000,yt_user_hkmainzz,yt_video_4,comment,youtube,politics,manual,Normal
396,UgxjONxITLwVflCCECd4AaABAg,1,1764288000,yt_user_Amazonworld2050,yt_video_4,comment,youtube,politics,manual,Normal
397,UgzGoaQoIqAh9ke-GRZ4AaABAg,1,1764288000,yt_user_LuxmanFernando-b2w,yt_video_4,comment,youtube,politics,manual,Normal
398,UgzgTRgHeiC67hTgRpx4AaABAg,3,1764288000,yt_user_gunaratnmbalahubrmainm29,yt_video_4,comment,youtube,politics,manual,Normal
399,UgyuR-JSjya9ju8gHF54AaABAg,0,1764288000,yt_user_risinimarasinghe3016,yt_video_4,comment,youtube,politics,manual,Normal
400,UgwQ5XxiRNGoexaZe0d4AaABAg.APxYPYDPXN9APxbIL05KxT,0,1764288000,yt_user_Mr.medagama,yt_video_4,comment,youtube,politics,manual,Normal
401,UgxQQPjRYaRCSkb0wlF4AaABAg,0,1764288000,yt_user_Batugahagenisansala,yt_video_4,comment,youtube,politics,manual,Normal
402,Ugz2Dro4nvlOZo4fsfN4AaABAg,0,1764288000,yt_user_KumariSamarakoon-v2s,yt_video_4,comment,youtube,politics,manual,Normal
403,UgxLaPEeYLCBOa37ZyJ4AaABAg,0,1764288000,yt_user_tissamarasinghe8122,yt_video_4,comment,youtube,politics,manual,Normal
404,UgxMsBjNch60ahZ96hR4AaABAg,0,1764288000,yt_user_priyankaramarasinghe1146,yt_video_4,comment,youtube,politics,manual,Normal
405,UgwRK3OARefmLrP7_Xx4AaABAg,0,1764460800,yt_user_දිලංකOnly,yt_video_4,comment,youtube,politics,manual,Normal
406,UgyQV3NAJAHReSWxxCV4AaABAg,0,1764288000,yt_user_SrimalChandana-c6p,yt_video_4,comment,youtube,politics,manual,Normal
407,UgyOdcd-ZRRwCEnkCWt4AaABAg,0,1764288000,yt_user_chalanasukith6923,yt_video_4,comment,youtube,politics,manual,Normal
408,UgzaSZinTj0wqVv-ViV4AaABAg,0,1764288000,yt_user_pradeeppallawattha598,yt_video_4,comment,youtube,politics,manual,Normal
409,UgwDz64JHk_xvle38oV4AaABAg,1,1764288000,yt_user_iamthebest2040,yt_video_4,comment,youtube,politics,manual,Normal
410,Ugz0yen-zRuWxNN1kAt4AaABAg.APxa9oJm5m4APzcSuNUSEW,0,1764288000,yt_user_deepajayalath,yt_video_4,comment,youtube,politics,manual,Hate
411,UgyNPqEuPj0EFfNnWdp4AaABAg.APxaIaRXp8nAPxw9mU-jfD,0,1764288000,yt_user_Badeedizz,yt_video_4,comment,youtube,politics,manual,Hate
412,UgyXX8Y9GTzQ948gh4t4AaABAg,3,1764288000,yt_user_kokilamalshan7626,yt_video_4,comment,youtube,politics,manual,Normal
413,UgxSbt5e5WaWoFjE_Wh4AaABAg.APxZwp9vyq-APybjEm-pRL,0,1764288000,yt_user_AvishkaDulan-t8i,yt_video_4,comment,youtube,politics,manual,Hate
414,Ugzi1qEBwdbrIcoFq5B4AaABAg,0,1764288000,yt_user_plz_im_kindly_request,yt_video_4,comment,youtube,politics,manual,Normal
415,UgwbVrOQBz3nLIXPcVd4AaABAg,1,1764288000,yt_user_anammanambukiyerasakatha6165,yt_video_4,comment,youtube,politics,manual,Hate
416,UgzQ1im5eH53LPH6bTJ4AaABAg,0,1764288000,yt_user_hewawarawitageupaliamarasi8498,yt_video_4,comment,youtube,politics,manual,Hate
417,UgzDvKASsvFfo31EwuV4AaABAg,0,1764288000,yt_user_SewwandiKaushalya-bl6nw,yt_video_4,comment,youtube,politics,manual,Normal
418,UgzrxgZZ2mym5WHgMKp4AaABAg,0,1764288000,yt_user_sandayakumudini402,yt_video_4,comment,youtube,politics,manual,Normal
419,UgzHEB7pc4taP6xIaiV4AaABAg,0,1764288000,yt_user_VishakaThero,yt_video_4,comment,youtube,politics,manual,Normal
420,UgwpgZWP3laK5VS1oeR4AaABAg,2,1764288000,yt_user_PasinduMinsara-e6s,yt_video_4,comment,youtube,politics,manual,Normal
421,Ugx_O-sXyWCKaUi5Jdl4AaABAg,1,1764288000,yt_user_Dusman-nalin,yt_video_4,comment,youtube,politics,manual,Normal
422,UgymaVh1e9Hmd2qZzPx4AaABAg,0,1764288000,yt_user_hewawarawitageupaliamarasi8498,yt_video_4,comment,youtube,politics,manual,Hate
423,UgxhfwT5jsh3dbil2dR4AaABAg,0,1764288000,yt_user_chamindapushpakumara7441,yt_video_4,comment,youtube,politics,manual,Normal
424,Ugz8p9ZTYR-ef7Cs50h4AaABAg,0,1764288000,yt_user_GamingBNL0.1,yt_video_4,comment,youtube,politics,manual,Normal
425,UgzQUDIoUa9ACA7qK-F4AaABAg,91,1764288000,yt_user_hmushantha,yt_video_4,comment,youtube,politics,manual,Normal
426,UgyJDXIb08IKTZNtsn14AaABAg,0,1764288000,yt_user_skg9581,yt_video_4,comment,youtube,politics,manual,Normal
427,UgwFzG0-EoYQfPr9sg94AaABAg,1,1764288000,yt_user_truth-d4,yt_video_4,comment,youtube,politics,manual,Normal
428,UgwjSL5vuILMgA3c-Kl4AaABAg,0,1764288000,yt_user_panchayt8606,yt_video_4,comment,youtube,politics,manual,Normal
429,UgwHuFeyOQrCQ6iMwbh4AaABAg,0,1764288000,yt_user_MaheshShirantha,yt_video_4,comment,youtube,politics,manual,Normal
430,UgwONlO_YA9OFzVt8aR4AaABAg,0,1764288000,yt_user_skg9581,yt_video_4,comment,youtube,politics,manual,Normal
431,Ugxk0jf64pBvge_E7414AaABAg,0,1764288000,yt_user_thusharihemanthika3959,yt_video_4,comment,youtube,politics,manual,Normal
432,UgwPXCNwO8Qyu8MU12F4AaABAg,0,1764288000,yt_user_DKIBM,yt_video_4,comment,youtube,politics,manual,Normal
433,UgxSbt5e5WaWoFjE_Wh4AaABAg.APxZwp9vyq-AQ0gkbqFlCe,1,1764288000,yt_user_panchayt8606,yt_video_4,comment,youtube,politics,manual,Normal
434,Ugyx8gYk061O8CsPu6B4AaABAg,0,1764288000,yt_user_nuwanweerasinghe9121,yt_video_4,comment,youtube,politics,manual,Normal
435,Ugw8Y5XwrDeY1q19ECZ4AaABAg,0,1764288000,yt_user_NishanthaWarnasiri,yt_video_4,comment,youtube,politics,manual,Normal
436,UgzozTVCdZnABOkU9yJ4AaABAg,0,1764288000,yt_user_oppo2025-d8g,yt_video_4,comment,youtube,politics,manual,Normal
437,UgwFoY2YeFknTLqg7IF4AaABAg,0,1764288000,yt_user_nilanthifernando2168,yt_video_4,comment,youtube,politics,manual,Normal
438,Ugwi_Ncio6M-mxPDhOt4AaABAg,2,1764288000,yt_user_raveesera8663,yt_video_4,comment,youtube,politics,manual,Normal
439,UgxXO5mVYjF1YX4psZJ4AaABAg,0,1764288000,yt_user_kaushalyaliyanarachchi6079,yt_video_4,comment,youtube,politics,manual,Normal
440,UgzfNeAzkpxnr8uvNf14AaABAg,0,1764288000,yt_user_tissadealwis3037,yt_video_4,comment,youtube,politics,manual,Normal
441,Ugz3SQbbtTmngOrGjMt4AaABAg,0,1764288000,yt_user_RBY-d2v,yt_video_4,comment,youtube,politics,manual,Normal
442,UgzPHVV4tk6gUGzAjIN4AaABAg,1,1764288000,yt_user_prabathlokugamage6489,yt_video_4,comment,youtube,politics,manual,Normal
443,UgxqshyIc5dIGV_R9614AaABAg.APxhilRgJgMAQ-bs4taykJ,1,1764288000,yt_user_josephpillai3034,yt_video_4,comment,youtube,politics,manual,Normal
444,UgwO7VuEOUplsy7LSQl4AaABAg.APx_pWk6XJQAPxbMwL29Jv,1,1764288000,yt_user_IndinilShan,yt_video_4,comment,youtube,politics,manual,Hate
445,Ugxwbl16can9wgHw8ht4AaABAg,2,1764288000,yt_user_tunesbro_official,yt_video_4,comment,youtube,politics,manual,Normal
446,UgzGICDxPTVSLBKM4qJ4AaABAg,0,1764288000,yt_user_ChathuraUdayanga-cg7ec,yt_video_4,comment,youtube,politics,manual,Normal
447,Ugx9Rg6x4lDehcU5kRd4AaABAg,0,1764288000,yt_user_nimeshAttendance-kv1yp,yt_video_4,comment,youtube,politics,manual,Normal
448,UgySQt60YCgiFsMPvpl4AaABAg,0,1764288000,yt_user_susanthapriyalal7206,yt_video_4,comment,youtube,politics,manual,Normal
449,Ugyur9Jw70Wmoj_KBcd4AaABAg,0,1764288000,yt_user_thusithakahagalla548,yt_video_4,comment,youtube,politics,manual,Normal
450,UgzuZL5D9WJt9f4Pp9h4AaABAg,0,1764288000,yt_user_oppo2025-d8g,yt_video_4,comment,youtube,politics,manual,Normal
451,UgwQ_h_N5FSrKecLXWp4AaABAg,0,1764288000,yt_user_rizwiyar4792,yt_video_4,comment,youtube,politics,manual,Normal
452,Ugy1-vs2Kmmb9jh51Nd4AaABAg,0,1764288000,yt_user_upulchandanagoonetilleke7617,yt_video_4,comment,youtube,politics,manual,Normal
453,UgyiVrRdnYWJ4epsp614AaABAg,0,1764288000,yt_user_EvolutionaryData1994,yt_video_4,comment,youtube,politics,manual,Normal
454,UgyD20DeDyez878GED54AaABAg,0,1764288000,yt_user_neelsiriwardhana2999,yt_video_4,comment,youtube,politics,manual,Normal
455,Ugzpj9Ra9-gLWqQE57F4AaABAg,0,1764288000,yt_user_thakshilasena6606,yt_video_4,comment,youtube,politics,manual,Normal
456,UgzNuYxjnpuil6skd1p4AaABAg,1,1764288000,yt_user_thusithakumara4782,yt_video_4,comment,youtube,politics,manual,Normal
457,UgxnV8Cnl_vSFmIVfMV4AaABAg,0,1764288000,yt_user_nimeshAttendance-kv1yp,yt_video_4,comment,youtube,politics,manual,Normal
458,UgyV3dNy-q-_2uPQtwN4AaABAg,0,1764288000,yt_user_thilina5979,yt_video_4,comment,youtube,politics,manual,Normal
459,Ugw1dwdb1x-__1dIqTd4AaABAg,9,1764288000,yt_user_dineshmaduranga6608,yt_video_4,comment,youtube,politics,manual,Normal
460,UgxQNmDFLyL_d8YchSJ4AaABAg,114,1764288000,yt_user_asokapremalal,yt_video_4,comment,youtube,politics,manual,Normal
461,Ugw8rIc4asZ3I6UJbSR4AaABAg,1,1764288000,yt_user_3stedi4blo16,yt_video_4,comment,youtube,politics,manual,Normal
462,Ugws-tMd_VUor2pzo0l4AaABAg.APxeN497CiPAPxfvV4Wr_W,0,1764288000,yt_user_anammanambukiyerasakatha6165,yt_video_4,comment,youtube,politics,manual,Normal
463,UgyLxqClDFKuRtystZl4AaABAg,92,1764288000,yt_user_chand-o3b,yt_video_4,comment,youtube,politics,manual,Hate
464,UgykyIouPujbcxtY5Nt4AaABAg,0,1764288000,yt_user_anusuros,yt_video_4,comment,youtube,politics,manual,Normal
465,UgwZOXA6zl9Q4dRKbNl4AaABAg,0,1764288000,yt_user_thrishalmadushan8007,yt_video_4,comment,youtube,politics,manual,Normal
466,UgzGRPtsdhXrzGUgmE14AaABAg,0,1764288000,yt_user_TutuCraft-hk9cv,yt_video_4,comment,youtube,politics,manual,Normal
467,Ugz8raLxMG-x2E17HlF4AaABAg,0,1764288000,yt_user_AmmarAmmar-g2v,yt_video_4,comment,youtube,politics,manual,Normal
468,UgzNJ2SC01y2_U-ED-d4AaABAg,0,1764288000,yt_user_saveLanka,yt_video_4,comment,youtube,politics,manual,Normal
469,Ugy8RX7xn-tcNS-763B4AaABAg,9,1764288000,yt_user_Nadiyh-e4u,yt_video_4,comment,youtube,politics,manual,Normal
470,UgzLtCgKvEZFziq_cAF4AaABAg.APxfMoxVF-cAPxhhbUuSc5,0,1764288000,yt_user_ipathirana801,yt_video_4,comment,youtube,politics,manual,Disinfo
471,UgxY5hFFVMYztnL-glB4AaABAg,0,1764288000,yt_user_W.M.S.WeerasooriyaW.M.S.W,yt_video_4,comment,youtube,politics,manual,Normal
472,UgyHRvWSQthYNHZsC5p4AaABAg,1,1764288000,yt_user_Krishna-kd3ns,yt_video_4,comment,youtube,politics,manual,Normal
473,UgzpVYuSy_6_fSUZ7ut4AaABAg,3,1764288000,yt_user_nilminipriyanka1502,yt_video_4,comment,youtube,politics,manual,Normal
474,UgzK1xMIx3vpDZf57LJ4AaABAg,2,1764288000,yt_user_chathurasampath,yt_video_4,comment,youtube,politics,manual,Normal
475,UgxSbt5e5WaWoFjE_Wh4AaABAg.APxZwp9vyq-AQ85jBgItZd,0,1764547200,yt_user_dhananjamotors,yt_video_4,comment,youtube,politics,manual,Hate
476,UgwMjZw_KvSYJjOef0p4AaABAg,0,1764288000,yt_user_PiyalDissanayake-xm7qv,yt_video_4,comment,youtube,politics,manual,Hate
477,Ugyz7CXVZl8fLgwCU1d4AaABAg,0,1764288000,yt_user_oppo2025-d8g,yt_video_4,comment,youtube,politics,manual,Normal
478,Ugz2B9VBu4IE7BLHEoJ4AaABAg,0,1764288000,yt_user_rajithavroon9938,yt_video_4,comment,youtube,politics,manual,Normal
479,Ugyy6odUpwJ64DE_SEJ4AaABAg,0,1764288000,yt_user_ajithweeratunga2566,yt_video_4,comment,youtube,politics,manual,Normal
480,UgzM2hywin8NMS2Rfi94AaABAg,6,1764288000,yt_user_RanjithPriyantha-ww3bn,yt_video_4,comment,youtube,politics,manual,Normal
481,Ugy-ZdGQuYeD4_RVh-V4AaABAg,0,1764288000,yt_user_Anuradhadilrukshi1993-c8h,yt_video_4,comment,youtube,politics,manual,Normal
482,UgwPthth4RifUgAvu9h4AaABAg,1,1764288000,yt_user_upulmarasinghe5057,yt_video_4,comment,youtube,politics,manual,Normal
483,UgxUNbMGS8L-IAU_WUF4AaABAg,0,1764288000,yt_user_Vijayasingha-b6q6n,yt_video_4,comment,youtube,politics,manual,Normal
484,UgzoN87-olYqRO4brDp4AaABAg,0,1764288000,yt_user_jagathprasanna-bf2wz,yt_video_4,comment,youtube,politics,manual,Normal
485,UgwmbGpPwMBL4dLPjcR4AaABAg,2,1764288000,yt_user_ChanakaVimukthi-t4l,yt_video_4,comment,youtube,politics,manual,Normal
486,UgxTMXUp2p69JT17iYR4AaABAg,0,1764288000,yt_user_manjulamanjula9267,yt_video_4,comment,youtube,politics,manual,Hate
487,Ugws-tMd_VUor2pzo0l4AaABAg,1,1764288000,yt_user_janithc,yt_video_4,comment,youtube,politics,manual,Normal
488,Ugy4LiO-1E-52QyANbF4AaABAg,0,1764288000,yt_user_shitan2008,yt_video_4,comment,youtube,politics,manual,Normal
489,UgxSbt5e5WaWoFjE_Wh4AaABAg.APxZwp9vyq-APxhjuyMldu,0,1764288000,yt_user_gsnj5249,yt_video_4,comment,youtube,politics,manual,Normal
490,UgwP9MXPn5JsNsco6kR4AaABAg,0,1764288000,yt_user_sadunimunasinghe6724,yt_video_4,comment,youtube,politics,manual,Normal
491,UgyQ8orPTFgQ6EzhEDV4AaABAg,10,1764288000,yt_user_sajith43-r9q,yt_video_4,comment,youtube,politics,manual,Normal
492,UgxOQFr01ni5eTv0r814AaABAg,7,1764288000,yt_user_LalDissanayake-h9g,yt_video_4,comment,youtube,politics,manual,Normal
493,UgwL4JC5tLvCSnwQ3qF4AaABAg,77,1764288000,yt_user_JayarathnaVithanage,yt_video_4,comment,youtube,politics,manual,Normal
494,UgxSbt5e5WaWoFjE_Wh4AaABAg,976,1764288000,yt_user_Chefbatta-චෙෆ්බට්ට,yt_video_4,comment,youtube,politics,manual,Normal
495,UgwdedVCqCawvabQ1IB4AaABAg,0,1764288000,yt_user_RoshanPerera-q6o,yt_video_4,comment,youtube,politics,manual,Normal
496,Ugy4DYEecMwqWmJBhJR4AaABAg,2,1764288000,yt_user_anammanambukiyerasakatha6165,yt_video_4,comment,youtube,politics,manual,Normal
497,UgykKZ2AMLXDm8_b44x4AaABAg,0,1764288000,yt_user_akosaeyw,yt_video_4,comment,youtube,politics,manual,Normal
498,UgwQOSIr0CRPtYJdmEN4AaABAg,0,1764288000,yt_user_imeshawijayawardhana,yt_video_4,comment,youtube,politics,manual,Normal
499,UgzAF3gS5g-Rbr8UKCN4AaABAg,0,1764288000,yt_user_Perera-k2x,yt_video_4,comment,youtube,politics,manual,Normal
500,Ugz7M0i3A3IzxogLOtV4AaABAg,9,1764288000,yt_user_kingav-ch8cu,yt_video_4,comment,youtube,politics,manual,Normal
501,UgwxTTEyXeAPd178MLV4AaABAg,0,1764288000,yt_user_KasunLakshan-x3t,yt_video_4,comment,youtube,politics,manual,Normal
502,Ugzkfi7C-gSvS4asOpx4AaABAg,0,1764288000,yt_user_DharshaniMunasingha-q2b,yt_video_4,comment,youtube,politics,manual,Normal
503,UgwTpRgHP_uP6wmjX6x4AaABAg.APxZU9YMCo_APzBaE8QifW,1,1764288000,yt_user_RoshanManjula-rw6ub,yt_video_4,comment,youtube,politics,manual,Normal
504,Ugzt04o4M825hBAmJ054AaABAg,0,1764288000,yt_user_HaroldAntonKeel,yt_video_4,comment,youtube,politics,manual,Normal
505,Ugy_jSnTLb_sFpM0oMJ4AaABAg,1,1764288000,yt_user_rpbass02,yt_video_4,comment,youtube,politics,manual,Normal
506,UgxDHjX6hDY5VyCHrkl4AaABAg.APxe4ONOEzyAPxfjaPFDw0,0,1764288000,yt_user_anammanambukiyerasakatha6165,yt_video_4,comment,youtube,politics,manual,Normal
507,Ugwry7ksbAbRhqxeXWV4AaABAg,0,1764288000,yt_user_shitan2008,yt_video_4,comment,youtube,politics,manual,Normal
508,Ugy_5lb58aBLDnZ1uLx4AaABAg,0,1764288000,yt_user_NILU-PERERA,yt_video_4,comment,youtube,politics,manual,Normal
509,UgxS4fB7MW-D1lfiaAB4AaABAg,0,1764288000,yt_user_wapasela,yt_video_4,comment,youtube,politics,manual,Normal
510,Ugw7MS57HnbTtzt1eod4AaABAg,3,1764288000,yt_user_NalakaKumararathnayaka,yt_video_4,comment,youtube,politics,manual,Normal
511,UgwLEOD03hLRh1CNiyt4AaABAg,1,1764288000,yt_user_tikka1967,yt_video_4,comment,youtube,politics,manual,Normal
512,UgxMuDBbJ46T7fAgHo94AaABAg,1,1764288000,yt_user_SujithNamal-zt6fn,yt_video_4,comment,youtube,politics,manual,Normal
513,UgxHecd7yP8bFzMwxOF4AaABAg,0,1765411200,yt_user_Krishna-kd3ns,yt_video_5,comment,youtube,politics,manual,Hate
514,UgyJ6eOctfjPjZPgoFJ4AaABAg,0,1765324800,yt_user_dreamhub2532,yt_video_5,comment,youtube,politics,manual,Normal
515,UgyQ1jaVDTtUZzfV79N4AaABAg,1,1765324800,yt_user_MyCivicDuty,yt_video_5,comment,youtube,politics,manual,Normal
516,UgziqU9Ch7sPh3f1w8N4AaABAg,2,1765324800,yt_user_MyCivicDuty,yt_video_5,comment,youtube,politics,manual,Hate
