user_id,platform,created_at,country
yt_user_KrishanDharmasiri,youtube,,
yt_user_DeepalFernando-k2p,youtube,,
yt_user_gemunugemunu8698,youtube,,
yt_user_alawagedagoa,youtube,,
yt_user_kithsirigeethakumara8533,youtube,,
yt_user_LeelasiriEdirisingha,youtube,,
yt_user_padhmalpeiris,youtube,,
yt_user_syndi-w3k,youtube,,
yt_user_ChammiWasantha,youtube,,
yt_user_TharinduKodagoda,youtube,,
yt_user_ashokaherath783,youtube,,
yt_user_ගමගාල්ල,youtube,,
yt_user_TheConcepts-සංකල්ප-l8v,youtube,,
yt_user_LaSLMax,youtube,,
yt_user_ධර්මතුංගදිසානායක,youtube,,
yt_user_katsullivan,youtube,,
yt_user_NethmiNisansala-v3i7i,youtube,,
yt_user_gayanhettiarachchi-q2k,youtube,,
yt_user_avenom3877,youtube,,
yt_user_hashmilasewwandi9118,youtube,,
yt_user_ilovenaturevibe,youtube,,
yt_user_КАКАЅНІ,youtube,,
yt_user_CharukaNawodaya,youtube,,
yt_user_Mango-m5m,youtube,,
yt_user_JodhaBan,youtube,,
yt_user_kumapixchannel,youtube,,
yt_user_ManojPSKarunarathne,youtube,,
yt_user_gamakumburejayalath3177,youtube,,
yt_user_ThissaAdasuriya,youtube,,
yt_user_kasunmalinga3412,youtube,,
yt_user_KesarinduManamperi,youtube,,
yt_user_නරේන්ද්රෂරීෆ්,youtube,,
yt_user_nethsarakavind33445,youtube,,
yt_user_pramithakumari8151,youtube,,
yt_user_induganga-h4k,youtube,,
yt_user_GaminiHettiarachchi-r9b,youtube,,
yt_user_Kuscota_Scenes,youtube,,
yt_user_amalperera3074,youtube,,
yt_user_SandeeshSewanagala,youtube,,
yt_user_robonat_crooso,youtube,,
yt_user_sanjeewabandara2953,youtube,,
yt_user_BuddhikaPrabath-qi9eg,youtube,,
yt_user_kasunkulanga,youtube,,
yt_user_vidmimunasinghe7066,youtube,,
yt_user_Pradeepkumara-y8o,youtube,,
yt_user_Kaveesha_Vimansi,youtube,,
yt_user_TehanRanga,youtube,,
yt_user_BBbbb-o4n,youtube,,
yt_user_Ruki1416,youtube,,
yt_user_malithdilshan900,youtube,,
yt_user_Sl-r8m,youtube,,
yt_user_hardinsciver5930,youtube,,
yt_user_Upm-s8k,youtube,,
yt_user_NadeeshanDDPremarathne,youtube,,
yt_user_රකුස්ලේ,youtube,,
yt_user_daneshkalhara4910,youtube,,
yt_user_savinduKavishka-b7r,youtube,,
yt_user_dilkidilki4236,youtube,,
yt_user_shara4036,youtube,,
yt_user_GayanSampath-rd5zp,youtube,,
yt_user_dhananjayakumarasingha,youtube,,
yt_user_Gyn-o9c,youtube,,
yt_user_JayarajaSinha,youtube,,
yt_user_kaishu-p7o,youtube,,
yt_user_nirmaleevithana8321,youtube,,
yt_user_PriyaKbr,youtube,,
yt_user_adda-nd,youtube,,
yt_user_KasunChanaka-bf3lb,youtube,,
yt_user_padeepsuranga2261,youtube,,
yt_user_KasunLasantha-k3c,youtube,,
yt_user_janakimalkanthi7509,youtube,,
yt_user_අයේශිකා,youtube,,
yt_user_thavelogue_chronicles,youtube,,
yt_user_lakishan5790,youtube,,
yt_user_GlobelHambantota,youtube,,
yt_user_ChandraSenarathperumaarachchig,youtube,,
yt_user_AjanthaDoluweera,youtube,,
yt_user_nimaljayasiri6065,youtube,,
yt_user_SKarunarathna777-e8o,youtube,,
yt_user_NishanthaMarasingha,youtube,,
yt_user_fizz-e4o,youtube,,
yt_user_sandunthiwanka8804,youtube,,
yt_user_AnuBandara-n5h,youtube,,
yt_user_yajasaji5955,youtube,,
yt_user_pathimindrani668,youtube,,
yt_user_travelingandentertainment4930,youtube,,
yt_user_Lukewrite,youtube,,
yt_user_dineshmaddumage506,youtube,,
yt_user_AmiliyaThathsarani,youtube,,
yt_user_gayanchandrakumara8933,youtube,,
yt_user_ttbro844,youtube,,
yt_user_Chalanagothaminawarathna,youtube,,
yt_user_bihanduhandapangoda,youtube,,
yt_user_HasithaWijerathna-e7e,youtube,,
yt_user_SURANGAGAMAGE,youtube,,
yt_user_asankanimali5841,youtube,,
yt_user_adeesharathnamalala,youtube,,
yt_user_ChwR-t7j,youtube,,
yt_user_freedomis8551,youtube,,
yt_user_PramodhSenevirathna,youtube,,
yt_user_rusiruthiranjana7262,youtube,,
yt_user_Mora_161,youtube,,
yt_user_IndikaKumara-k2g,youtube,,
yt_user_voyageSVM,youtube,,
yt_user_wasanthabrahmacharee,youtube,,
yt_user_ViswaPrabath-g8o,youtube,,
yt_user_christydonald4435,youtube,,
yt_user_bhanud9258,youtube,,
yt_user_AKDමෛත්රීපාල,youtube,,
yt_user_SupervisorLk,youtube,,
yt_user_NalindaJayathilaka-d8m,youtube,,
yt_user_janakabandara881,youtube,,
yt_user_WaruniPriyanandani,youtube,,
yt_user_Blackflagxll,youtube,,
yt_user_Neha-h6e2s,youtube,,
yt_user_ChillestGuyEver00,youtube,,
yt_user_Name_000_0,youtube,,
yt_user_ranjithnimal566,youtube,,
yt_user_sportcalledcricket2009,youtube,,
yt_user_DaddyDim,youtube,,
yt_user_KumuduniFrenado,youtube,,
yt_user_DominikSilva-o1k,youtube,,
yt_user_dorawakarev.wimala2508,youtube,,
yt_user_NiranjalakusumRajapaksha-p1r,youtube,,
yt_user_AjithWasantha-n9j9j,youtube,,
yt_user_subashinichandrasekara9885,youtube,,
yt_user_subhashiranathunga3055,youtube,,
yt_user_isharaudith7636,youtube,,
yt_user_Sanjeewasampath-j9b,youtube,,
yt_user_wijethungachaminda7999,youtube,,
yt_user_chat8444,youtube,,
yt_user_Labro9,youtube,,
yt_user_Raaa256,youtube,,
yt_user_dileepaparis6938,youtube,,
yt_user_SiyaLatha-h5e,youtube,,
yt_user_IndikaRuwan-k5d4t,youtube,,
yt_user_roshanhewage4352,youtube,,
yt_user_SamaraGunawardana-hn9vv,youtube,,
yt_user_ChamindaPerera-v2w7v,youtube,,
yt_user_kdentertainments,youtube,,
yt_user_AnandaAnanda-f1f,youtube,,
yt_user_NadeeshaMediwake,youtube,,
yt_user_UdayaKumar-z7s9m,youtube,,
yt_user_NiroshaHerath-w2o,youtube,,
yt_user_SomasaraSomasara,youtube,,
yt_user_BandaraWijesinha-u5u,youtube,,
yt_user_MohottalaSarath,youtube,,
yt_user_LasanthaKulasinghe,youtube,,
yt_user_PureMindVisuals,youtube,,
yt_user_galwije,youtube,,
yt_user_Rushmiamaya,youtube,,
yt_user_IsuruDileep-f2q,youtube,,
yt_user_rashmiprithvi,youtube,,
yt_user_srimalrathnasekara4860,youtube,,
yt_user_anuruddapeiris9954,youtube,,
yt_user_AmilaJayamanna,youtube,,
yt_user_DilhanMadusanka-q2j,youtube,,
yt_user_indikauluwaduge,youtube,,
yt_user_indrasiridewage3122,youtube,,
yt_user_chandanawee,youtube,,
yt_user_darshanaprasanna4729,youtube,,
yt_user_anurasenarath567,youtube,,
yt_user_බාස්-ග1ච,youtube,,
yt_user_NadeekaMunasinghe-b2d,youtube,,
yt_user_munarfaanas1890,youtube,,
yt_user_adventureacademy6592,youtube,,
yt_user_nuwanmaduranga5940,youtube,,
yt_user_ShakilaDilshan-v5z,youtube,,
yt_user_UpasenaUpasena-v5i,youtube,,
yt_user_susilsenarathna7076,youtube,,
yt_user_Damindasuranjith,youtube,,
yt_user_mdshifan7211,youtube,,
yt_user_RuwanChandima-w2h,youtube,,
yt_user_dilshanAajith,youtube,,
yt_user_DimuthuPriyankara-z2p,youtube,,
yt_user_KanthiKalupahana-l9m,youtube,,
yt_user_sathyagaweshaka8430,youtube,,
yt_user_KumaraVijebandara-r3r,youtube,,
yt_user_ZeylonTradition,youtube,,
yt_user_Banduladisanayake456,youtube,,
yt_user_slt99gaming6,youtube,,
yt_user_SurangaewmSuranga,youtube,,
yt_user_nanimal4200,youtube,,
yt_user_AjithLanerolle,youtube,,
yt_user_kisangasomacyril5724,youtube,,
yt_user_nishannest2399,youtube,,
yt_user_Cyberthinu,youtube,,
yt_user_shiranidominic9138,youtube,,
yt_user_rohanpranith1221,youtube,,
yt_user_SithumSampath-k2d,youtube,,
yt_user_rajithavroon9938,youtube,,
yt_user_NevilSweshDmal,youtube,,
yt_user_ErandiKulathunga-z8s,youtube,,
yt_user_shakirmohammed1068,youtube,,
yt_user_kaliyoung7442,youtube,,
yt_user_kanthikumari4765,youtube,,
yt_user_Asanka1989-wl,youtube,,
yt_user_janakailukkumbure4890,youtube,,
yt_user_steffananderson7222,youtube,,
yt_user_jagathnanayakkara4769,youtube,,
yt_user_gaminisusajee8467,youtube,,
yt_user_PriyankaHerath-b5w,youtube,,
yt_user_MahindaPeiris,youtube,,
yt_user_saparamadhujayatilleke2166,youtube,,
yt_user_PrabathDananjaya-tv,youtube,,
yt_user_GunawardanaLiyanage-t3t,youtube,,
yt_user_nisalabeysinghe9847,youtube,,
yt_user_Dontdowrong-g9w,youtube,,
yt_user_bonifesperere5059,youtube,,
yt_user_mohamedimran3946,youtube,,
yt_user_samithdilshan1993,youtube,,
yt_user_RubiBalla-x8n,youtube,,
yt_user_Chenox-y3n,youtube,,
yt_user_LaLalani-u2d,youtube,,
yt_user_harshaamarasekara666,youtube,,
yt_user_wickremasinghenimal631,youtube,,
yt_user_SenosHarsha,youtube,,
yt_user_mangalasuraweera,youtube,,
yt_user_chamindanawarathna9576,youtube,,
yt_user_disanayakadisanayaka4989,youtube,,
yt_user_susajeegamini3803,youtube,,
yt_user_priyadharshini1581,youtube,,
yt_user_ranjithdissanayaka1149,youtube,,
yt_user_rasindurishmitha1387,youtube,,
yt_user_NishelNiruwan,youtube,,
yt_user_NilukaDamayanthi-mr3mh,youtube,,
yt_user_SisiraKumara-g9o,youtube,,
yt_user_DulanjanaSadaruwan-h5q3n,youtube,,
yt_user_manjumanju-ru1sb,youtube,,
yt_user_jagathkarunarathne3170,youtube,,
yt_user_songmusicprabash1856,youtube,,
yt_user_samithatennekoon4007,youtube,,
yt_user_RathnasekaraRathnayakamudiyans,youtube,,
yt_user_SurangaEkanayaka-o2m,youtube,,
yt_user_MalkanthiAbeynayake,youtube,,
yt_user_LalitKumar-o4f5j,youtube,,
yt_user_senarathbalasooriyabalasoo1910,youtube,,
yt_user_RamyaLasanthi-p6u,youtube,,
yt_user_isharasandeepa8205,youtube,,
yt_user_kumarasilva1395,youtube,,
yt_user_anandaathukorala5266,youtube,,
yt_user_BihangaAnuhas,youtube,,
yt_user_DammikaWalpola-k4n,youtube,,
yt_user_nayanasaputanthri5466,youtube,,
yt_user_ajithkumara2401,youtube,,
yt_user_shamshardmarikkar653,youtube,,
yt_user_menson1352,youtube,,
yt_user_pradeepnadeera-d6g,youtube,,
yt_user_skg9581,youtube,,
yt_user_priyanthasamarasingha2275,youtube,,
yt_user_diliphewawellalalage4196,youtube,,
yt_user_nishanthagunasekara-k1e,youtube,,
yt_user_msiipeditz,youtube,,
yt_user_NelsansumanaBandara,youtube,,
yt_user_ManjulaAbeysundara,youtube,,
yt_user_wasanthaherath2012,youtube,,
yt_user_UdayaUpul,youtube,,
yt_user_amangiseneviratne6017,youtube,,
yt_user_SmamarasuriyaAmarasuriya,youtube,,
yt_user_Lankanlife,youtube,,
yt_user_shanthichandrika-v5p,youtube,,
yt_user_DinushaGunawardhana-s2k,youtube,,
yt_user_SameeraSandaruwan-el3jv,youtube,,
yt_user_beetgroot8959,youtube,,
yt_user_AmilaEresh-t1r,youtube,,
yt_user_w.m.nissankaweerakoon4887,youtube,,
yt_user_PriyaArchchi,youtube,,
yt_user_KanishkaLakshan-ur2dt,youtube,,
yt_user_RenukaSooriyaarachchi,youtube,,
yt_user_sunimalfernando4402,youtube,,
yt_user_Gaminikumara51,youtube,,
yt_user_DisnaPrasangika,youtube,,
yt_user_idusararusith,youtube,,
yt_user_HindikaSuresh,youtube,,
yt_user_shariqmirzaa,youtube,,
yt_user_MisbahMisbah-y2d,youtube,,
yt_user_WasanthaSamarawikrama-v9w4j,youtube,,
yt_user_navodasandamini4789,youtube,,
yt_user_ChristopherSepion,youtube,,
yt_user_ChinthanaJayathilaka-wx9jb,youtube,,
yt_user_chandanimct3580,youtube,,
yt_user_GayanKuamra,youtube,,
yt_user_vijayanthiiddawela5240,youtube,,
yt_user_PradeepPushpakumara-d5o6i,youtube,,
yt_user_damayanthinonis6942,youtube,,
yt_user_sadunsuranga9077,youtube,,
yt_user_nalanihettiarachchi-d1y,youtube,,
yt_user_cloud7034,youtube,,
yt_user_emskekanayaka8594,youtube,,
yt_user_Unstoppable353,youtube,,
yt_user_JanaminaSuwendra,youtube,,
yt_user_HiranFernando-d5u,youtube,,
yt_user_Mohamed_Akeel,youtube,,
yt_user_mahidilush3144,youtube,,
yt_user_maheshwijew,youtube,,
yt_user_chalith177,youtube,,
yt_user_SuduPutha-y7e,youtube,,
yt_user_sampremiergrassaus7362,youtube,,
yt_user_nilanthidompage9837,youtube,,
yt_user_Pira.89,youtube,,
yt_user_MohamedRamlan-f2n,youtube,,
yt_user_rangachanaka8856,youtube,,
yt_user_DushanthaBandara-t4d,youtube,,
yt_user_KcuKumara,youtube,,
yt_user_samithalokubaranage5923,youtube,,
yt_user_ThisalIndrachapa-z3u,youtube,,
yt_user_shehandilshanka6492,youtube,,
yt_user_savithreesirisena4857,youtube,,
yt_user_dinushikaPiyarathna,youtube,,
yt_user_anammanambukiyerasakatha6165,youtube,,
yt_user_sakuraenterprises593,youtube,,
yt_user_DileepaRasanjana,youtube,,
yt_user_AnuMadu-l2s,youtube,,
yt_user_SSalaruuu-zs5ni,youtube,,
yt_user_nilanthifernando2168,youtube,,
yt_user_taniyagunarathna2714,youtube,,
yt_user_NudithaMihiran25,youtube,,
yt_user_ChamiHearth,youtube,,
yt_user_SandunpriyanthaSiriwardhana,youtube,,
yt_user_DeliciousSLIndia,youtube,,
yt_user_sarathranige8782,youtube,,
yt_user_pradeepsing8540,youtube,,
yt_user_manelamarasekara5929,youtube,,
yt_user_chinthakasuranga9878,youtube,,
yt_user_champlenad7119,youtube,,
yt_user_udanigunarathne6693,youtube,,
yt_user_dharshanakumara952,youtube,,
yt_user_KaushalyaGamage-p6u,youtube,,
yt_user_MahindaGunawardhana-f5z,youtube,,
yt_user_RenukaPerera-n2u,youtube,,
yt_user_Chandanapradeep-h8k,youtube,,
yt_user_mahengodamunna2510,youtube,,
yt_user_Pushpaathapaththu-o4y,youtube,,
yt_user_hkmainzz,youtube,,
yt_user_Amazonworld2050,youtube,,
yt_user_LuxmanFernando-b2w,youtube,,
yt_user_gunaratnmbalahubrmainm29,youtube,,
yt_user_risinimarasinghe3016,youtube,,
yt_user_Mr.medagama,youtube,,
yt_user_Batugahagenisansala,youtube,,
yt_user_KumariSamarakoon-v2s,youtube,,
yt_user_tissamarasinghe8122,youtube,,
yt_user_priyankaramarasinghe1146,youtube,,
yt_user_දිලංකOnly,youtube,,
yt_user_SrimalChandana-c6p,youtube,,
yt_user_chalanasukith6923,youtube,,
yt_user_pradeeppallawattha598,youtube,,
yt_user_iamthebest2040,youtube,,
yt_user_deepajayalath,youtube,,
yt_user_Badeedizz,youtube,,
yt_user_kokilamalshan7626,youtube,,
yt_user_AvishkaDulan-t8i,youtube,,
yt_user_plz_im_kindly_request,youtube,,
yt_user_hewawarawitageupaliamarasi8498,youtube,,
yt_user_SewwandiKaushalya-bl6nw,youtube,,
yt_user_sandayakumudini402,youtube,,
yt_user_VishakaThero,youtube,,
yt_user_PasinduMinsara-e6s,youtube,,
yt_user_Dusman-nalin,youtube,,
yt_user_chamindapushpakumara7441,youtube,,
yt_user_GamingBNL0.1,youtube,,
yt_user_hmushantha,youtube,,
yt_user_truth-d4,youtube,,
yt_user_panchayt8606,youtube,,
yt_user_MaheshShirantha,youtube,,
yt_user_thusharihemanthika3959,youtube,,
yt_user_DKIBM,youtube,,
yt_user_nuwanweerasinghe9121,youtube,,
yt_user_NishanthaWarnasiri,youtube,,
yt_user_oppo2025-d8g,youtube,,
yt_user_raveesera8663,youtube,,
yt_user_kaushalyaliyanarachchi6079,youtube,,
yt_user_tissadealwis3037,youtube,,
yt_user_RBY-d2v,youtube,,
yt_user_prabathlokugamage6489,youtube,,
yt_user_josephpillai3034,youtube,,
yt_user_IndinilShan,youtube,,
yt_user_tunesbro_official,youtube,,
yt_user_ChathuraUdayanga-cg7ec,youtube,,
yt_user_nimeshAttendance-kv1yp,youtube,,
yt_user_susanthapriyalal7206,youtube,,
yt_user_thusithakahagalla548,youtube,,
yt_user_rizwiyar4792,youtube,,
yt_user_upulchandanagoonetilleke7617,youtube,,
yt_user_EvolutionaryData1994,youtube,,
yt_user_neelsiriwardhana2999,youtube,,
yt_user_thakshilasena6606,youtube,,
yt_user_thusithakumara4782,youtube,,
yt_user_thilina5979,youtube,,
yt_user_dineshmaduranga6608,youtube,,
yt_user_asokapremalal,youtube,,
yt_user_3stedi4blo16,youtube,,
yt_user_chand-o3b,youtube,,
yt_user_anusuros,youtube,,
yt_user_thrishalmadushan8007,youtube,,
yt_user_TutuCraft-hk9cv,youtube,,
yt_user_AmmarAmmar-g2v,youtube,,
yt_user_saveLanka,youtube,,
yt_user_Nadiyh-e4u,youtube,,
yt_user_ipathirana801,youtube,,
yt_user_W.M.S.WeerasooriyaW.M.S.W,youtube,,
yt_user_Krishna-kd3ns,youtube,,
yt_user_nilminipriyanka1502,youtube,,
yt_user_chathurasampath,youtube,,
yt_user_dhananjamotors,youtube,,
yt_user_PiyalDissanayake-xm7qv,youtube,,
yt_user_ajithweeratunga2566,youtube,,
yt_user_RanjithPriyantha-ww3bn,youtube,,
yt_user_Anuradhadilrukshi1993-c8h,youtube,,
yt_user_upulmarasinghe5057,youtube,,
yt_user_Vijayasingha-b6q6n,youtube,,
yt_user_jagathprasanna-bf2wz,youtube,,
yt_user_ChanakaVimukthi-t4l,youtube,,
yt_user_manjulamanjula9267,youtube,,
yt_user_janithc,youtube,,
yt_user_shitan2008,youtube,,
yt_user_gsnj5249,youtube,,
yt_user_sadunimunasinghe6724,youtube,,
yt_user_sajith43-r9q,youtube,,
yt_user_LalDissanayake-h9g,youtube,,
yt_user_JayarathnaVithanage,youtube,,
yt_user_Chefbatta-චෙෆ්බට්ට,youtube,,
yt_user_RoshanPerera-q6o,youtube,,
yt_user_akosaeyw,youtube,,
yt_user_imeshawijayawardhana,youtube,,
yt_user_Perera-k2x,youtube,,
yt_user_kingav-ch8cu,youtube,,
yt_user_KasunLakshan-x3t,youtube,,
yt_user_DharshaniMunasingha-q2b,youtube,,
yt_user_RoshanManjula-rw6ub,youtube,,
yt_user_HaroldAntonKeel,youtube,,
yt_user_rpbass02,youtube,,
yt_user_NILU-PERERA,youtube,,
yt_user_wapasela,youtube,,
yt_user_NalakaKumararathnayaka,youtube,,
yt_user_tikka1967,youtube,,
yt_user_SujithNamal-zt6fn,youtube,,
yt_user_dreamhub2532,youtube,,
yt_user_MyCivicDuty,youtube,,
